{
  "files": [
    {
      "fileName": "./Changes.txt",
      "SPDXID": "SPDXRef-File--Changes.txt-84DA44288F0957BDB42AAA52649FB6157629FC55",
      "checksums": [
        {
          "algorithm": "SHA256",
          "checksumValue": "be8db3d1d0223368df23e9f7e0a208b8154dded81ab4ad88bd8d12668c22941c"
        },
        {
          "algorithm": "SHA1",
          "checksumValue": "84da44288f0957bdb42aaa52649fb6157629fc55"
        }
      ],
      "licenseConcluded": "NOASSERTION",
      "licenseInfoInFiles": [
        "NOASSERTION"
      ],
      "copyrightText": "NOASSERTION"
    },
    {
      "fileName": "./System.Runtime.InteropServices.RuntimeInformation.dll",
      "SPDXID": "SPDXRef-File--System.Runtime.InteropServices.RuntimeInformation.dll-76B0B6E65E38A90A4ECDB3F6DFE16D5A803081E9",
      "checksums": [
        {
          "algorithm": "SHA256",
          "checksumValue": "8bb9d52ba5c67f05c8f632deb1e7e98a909318b10e1388b47e919515fdd42cbf"
        },
        {
          "algorithm": "SHA1",
          "checksumValue": "76b0b6e65e38a90a4ecdb3f6dfe16d5a803081e9"
        }
      ],
      "licenseConcluded": "NOASSERTION",
      "licenseInfoInFiles": [
        "NOASSERTION"
      ],
      "copyrightText": "NOASSERTION"
    },
    {
      "fileName": "./Microsoft.PowerShell.Pager.dll",
      "SPDXID": "SPDXRef-File--Microsoft.PowerShell.Pager.dll-127329A2AADB37ED3F0ADA1E99A7F09D7C8E289B",
      "checksums": [
        {
          "algorithm": "SHA256",
          "checksumValue": "f1997d21f6833cf88e8bb39ebcfe3c9f9d7e107a8a5e21434ffa6ac94f876a48"
        },
        {
          "algorithm": "SHA1",
          "checksumValue": "127329a2aadb37ed3f0ada1e99a7f09d7c8e289b"
        }
      ],
      "licenseConcluded": "NOASSERTION",
      "licenseInfoInFiles": [
        "NOASSERTION"
      ],
      "copyrightText": "NOASSERTION"
    },
    {
      "fileName": "./net6plus/Microsoft.PowerShell.PSReadLine.Polyfiller.dll",
      "SPDXID": "SPDXRef-File--net6plus-Microsoft.PowerShell.PSReadLine.Polyfiller.dll-19682640ABD6DBD2A67E424E76A15C6DD6744162",
      "checksums": [
        {
          "algorithm": "SHA256",
          "checksumValue": "e6ef7fe1b9ebbb58f455ad0da728dfca9ac79bd51f34e811e6e3759efd8ca930"
        },
        {
          "algorithm": "SHA1",
          "checksumValue": "19682640abd6dbd2a67e424e76a15c6dd6744162"
        }
      ],
      "licenseConcluded": "NOASSERTION",
      "licenseInfoInFiles": [
        "NOASSERTION"
      ],
      "copyrightText": "NOASSERTION"
    },
    {
      "fileName": "./Microsoft.PowerShell.PSReadLine2.dll",
      "SPDXID": "SPDXRef-File--Microsoft.PowerShell.PSReadLine2.dll-474FDA3AD6914F27826328C49D5363BAB3831BD4",
      "checksums": [
        {
          "algorithm": "SHA256",
          "checksumValue": "a09c0429c5d4d962f164e9d875e051b74b8816f0ca68800ef8f19f8ceeb611fa"
        },
        {
          "algorithm": "SHA1",
          "checksumValue": "474fda3ad6914f27826328c49d5363bab3831bd4"
        }
      ],
      "licenseConcluded": "NOASSERTION",
      "licenseInfoInFiles": [
        "NOASSERTION"
      ],
      "copyrightText": "NOASSERTION"
    },
    {
      "fileName": "./PSReadLine.format.ps1xml",
      "SPDXID": "SPDXRef-File--PSReadLine.format.ps1xml-529A9E137DBE9746BF2776CE5C34D4D564811524",
      "checksums": [
        {
          "algorithm": "SHA256",
          "checksumValue": "f087166beabee6f177a19eb4891b9e3026c011a70d6b11b2dc92a775df955a54"
        },
        {
          "algorithm": "SHA1",
          "checksumValue": "529a9e137dbe9746bf2776ce5c34d4d564811524"
        }
      ],
      "licenseConcluded": "NOASSERTION",
      "licenseInfoInFiles": [
        "NOASSERTION"
      ],
      "copyrightText": "NOASSERTION"
    },
    {
      "fileName": "./PSReadLine.psd1",
      "SPDXID": "SPDXRef-File--PSReadLine.psd1-49B054E35E82D0A16C8BAD623EFDA89FC4B83E2B",
      "checksums": [
        {
          "algorithm": "SHA256",
          "checksumValue": "f0b27f67457cf867ca27d9575c2983456e47be58c1ad8f47e3c73fc0a11078d0"
        },
        {
          "algorithm": "SHA1",
          "checksumValue": "49b054e35e82d0a16c8bad623efda89fc4b83e2b"
        }
      ],
      "licenseConcluded": "NOASSERTION",
      "licenseInfoInFiles": [
        "NOASSERTION"
      ],
      "copyrightText": "NOASSERTION"
    },
    {
      "fileName": "./PSReadLine.psm1",
      "SPDXID": "SPDXRef-File--PSReadLine.psm1-28BB0A9919DD952B4C801AFDAC5B2E7354AAC5E5",
      "checksums": [
        {
          "algorithm": "SHA256",
          "checksumValue": "bfde774dcc7c9e3fa0d17fdf721616eea0a00c263e81ac6fc0891278d550bbdf"
        },
        {
          "algorithm": "SHA1",
          "checksumValue": "28bb0a9919dd952b4c801afdac5b2e7354aac5e5"
        }
      ],
      "licenseConcluded": "NOASSERTION",
      "licenseInfoInFiles": [
        "NOASSERTION"
      ],
      "copyrightText": "NOASSERTION"
    },
    {
      "fileName": "./SamplePSReadLineProfile.ps1",
      "SPDXID": "SPDXRef-File--SamplePSReadLineProfile.ps1-B152F6636627C5B201823DB124FFAD1216BD1250",
      "checksums": [
        {
          "algorithm": "SHA256",
          "checksumValue": "561c905f9e8939eb3ac01d5f1dca2628a06153c2d9e0b9ebb2354d0322c20c60"
        },
        {
          "algorithm": "SHA1",
          "checksumValue": "b152f6636627c5b201823db124ffad1216bd1250"
        }
      ],
      "licenseConcluded": "NOASSERTION",
      "licenseInfoInFiles": [
        "NOASSERTION"
      ],
      "copyrightText": "NOASSERTION"
    },
    {
      "fileName": "./License.txt",
      "SPDXID": "SPDXRef-File--License.txt-8BDED9DC168F35DAE2E5249E92EBC40F12463AF3",
      "checksums": [
        {
          "algorithm": "SHA256",
          "checksumValue": "25c2fdfcdc653f65629233f5ef217a83287733d3c0299c207b0bca865508c463"
        },
        {
          "algorithm": "SHA1",
          "checksumValue": "8bded9dc168f35dae2e5249e92ebc40f12463af3"
        }
      ],
      "licenseConcluded": "NOASSERTION",
      "licenseInfoInFiles": [
        "NOASSERTION"
      ],
      "copyrightText": "NOASSERTION"
    },
    {
      "fileName": "./net462/Microsoft.PowerShell.PSReadLine.Polyfiller.dll",
      "SPDXID": "SPDXRef-File--net462-Microsoft.PowerShell.PSReadLine.Polyfiller.dll-39C2494655EF84B009433C3A658C979D359A6634",
      "checksums": [
        {
          "algorithm": "SHA256",
          "checksumValue": "ab91917ae1f2bafff664b8fe0aa8ebcadccf1a9de2a6d35563b19d6bf6cf6a87"
        },
        {
          "algorithm": "SHA1",
          "checksumValue": "39c2494655ef84b009433c3a658c979d359a6634"
        }
      ],
      "licenseConcluded": "NOASSERTION",
      "licenseInfoInFiles": [
        "NOASSERTION"
      ],
      "copyrightText": "NOASSERTION"
    }
  ],
  "packages": [
    {
      "name": "System.ServiceModel.NetTcp",
      "SPDXID": "SPDXRef-Package-EBEAD5D76F39CFF00A284F47BCFA534E2F93422A91E4422CD9264DF74BFE5A70",
      "downloadLocation": "NOASSERTION",
      "filesAnalyzed": false,
      "licenseConcluded": "NOASSERTION",
      "licenseInfoFromFiles": [
        "NOASSERTION"
      ],
      "licenseDeclared": "NOASSERTION",
      "copyrightText": "NOASSERTION",
      "versionInfo": "4.9.0",
      "externalRefs": [
        {
          "referenceCategory": "PACKAGE_MANAGER",
          "referenceType": "purl",
          "referenceLocator": "pkg:nuget/System.ServiceModel.NetTcp%404.9.0"
        }
      ],
      "supplier": "NOASSERTION"
    },
    {
      "name": "System.Configuration.ConfigurationManager",
      "SPDXID": "SPDXRef-Package-5A81034EC77077BB1F9472AAD57F56E812A344FFEA1CBAA93A3D11EF18BEB8BE",
      "downloadLocation": "NOASSERTION",
      "filesAnalyzed": false,
      "licenseConcluded": "NOASSERTION",
      "licenseInfoFromFiles": [
        "NOASSERTION"
      ],
      "licenseDeclared": "NOASSERTION",
      "copyrightText": "NOASSERTION",
      "versionInfo": "6.0.0",
      "externalRefs": [
        {
          "referenceCategory": "PACKAGE_MANAGER",
          "referenceType": "purl",
          "referenceLocator": "pkg:nuget/System.Configuration.ConfigurationManager%406.0.0"
        }
      ],
      "supplier": "NOASSERTION"
    },
    {
      "name": "System.ComponentModel.Composition",
      "SPDXID": "SPDXRef-Package-C77607551E54A18631BE7AA27308CBC62E225A34EF4B0CC886F9C80E63CED885",
      "downloadLocation": "NOASSERTION",
      "filesAnalyzed": false,
      "licenseConcluded": "NOASSERTION",
      "licenseInfoFromFiles": [
        "NOASSERTION"
      ],
      "licenseDeclared": "NOASSERTION",
      "copyrightText": "NOASSERTION",
      "versionInfo": "6.0.0",
      "externalRefs": [
        {
          "referenceCategory": "PACKAGE_MANAGER",
          "referenceType": "purl",
          "referenceLocator": "pkg:nuget/System.ComponentModel.Composition%406.0.0"
        }
      ],
      "supplier": "NOASSERTION"
    },
    {
      "name": "Microsoft.Windows.Compatibility",
      "SPDXID": "SPDXRef-Package-78FD5EC1698C264CEA463E552A6DD7468784BE66B514D37998B1A93D22FEF756",
      "downloadLocation": "NOASSERTION",
      "filesAnalyzed": false,
      "licenseConcluded": "NOASSERTION",
      "licenseInfoFromFiles": [
        "NOASSERTION"
      ],
      "licenseDeclared": "NOASSERTION",
      "copyrightText": "NOASSERTION",
      "versionInfo": "6.0.0",
      "externalRefs": [
        {
          "referenceCategory": "PACKAGE_MANAGER",
          "referenceType": "purl",
          "referenceLocator": "pkg:nuget/Microsoft.Windows.Compatibility%406.0.0"
        }
      ],
      "supplier": "NOASSERTION"
    },
    {
      "name": "System.IO.Packaging",
      "SPDXID": "SPDXRef-Package-E5F924CB7C9ADA59FF66564411AD9DB85E703C909C37B67609B2421CAEA9937D",
      "downloadLocation": "NOASSERTION",
      "filesAnalyzed": false,
      "licenseConcluded": "NOASSERTION",
      "licenseInfoFromFiles": [
        "NOASSERTION"
      ],
      "licenseDeclared": "NOASSERTION",
      "copyrightText": "NOASSERTION",
      "versionInfo": "6.0.0",
      "externalRefs": [
        {
          "referenceCategory": "PACKAGE_MANAGER",
          "referenceType": "purl",
          "referenceLocator": "pkg:nuget/System.IO.Packaging%406.0.0"
        }
      ],
      "supplier": "NOASSERTION"
    },
    {
      "name": "System.Threading.AccessControl",
      "SPDXID": "SPDXRef-Package-C5CDC98FEB0DEDEEC96BEDA895A59634C60660D2ED5D831027D431B8432C0D28",
      "downloadLocation": "NOASSERTION",
      "filesAnalyzed": false,
      "licenseConcluded": "NOASSERTION",
      "licenseInfoFromFiles": [
        "NOASSERTION"
      ],
      "licenseDeclared": "NOASSERTION",
      "copyrightText": "NOASSERTION",
      "versionInfo": "6.0.0",
      "externalRefs": [
        {
          "referenceCategory": "PACKAGE_MANAGER",
          "referenceType": "purl",
          "referenceLocator": "pkg:nuget/System.Threading.AccessControl%406.0.0"
        }
      ],
      "supplier": "NOASSERTION"
    },
    {
      "name": "XunitXml.TestLogger",
      "SPDXID": "SPDXRef-Package-C42D3269E130F1EC7B60B29A3B5C7645F70696AA6D20D0A077B2A10E2B3B8E96",
      "downloadLocation": "NOASSERTION",
      "filesAnalyzed": false,
      "licenseConcluded": "NOASSERTION",
      "licenseInfoFromFiles": [
        "NOASSERTION"
      ],
      "licenseDeclared": "NOASSERTION",
      "copyrightText": "NOASSERTION",
      "versionInfo": "2.1.26",
      "externalRefs": [
        {
          "referenceCategory": "PACKAGE_MANAGER",
          "referenceType": "purl",
          "referenceLocator": "pkg:nuget/XunitXml.TestLogger%402.1.26"
        }
      ],
      "supplier": "NOASSERTION"
    },
    {
      "name": "System.ServiceModel.Duplex",
      "SPDXID": "SPDXRef-Package-D7E5B375148BD27B3646C7DBAAD94B1FF6B363682863B1AE8E8AFA946ECE0AB2",
      "downloadLocation": "NOASSERTION",
      "filesAnalyzed": false,
      "licenseConcluded": "NOASSERTION",
      "licenseInfoFromFiles": [
        "NOASSERTION"
      ],
      "licenseDeclared": "NOASSERTION",
      "copyrightText": "NOASSERTION",
      "versionInfo": "4.9.0",
      "externalRefs": [
        {
          "referenceCategory": "PACKAGE_MANAGER",
          "referenceType": "purl",
          "referenceLocator": "pkg:nuget/System.ServiceModel.Duplex%404.9.0"
        }
      ],
      "supplier": "NOASSERTION"
    },
    {
      "name": "Microsoft.Bcl.AsyncInterfaces",
      "SPDXID": "SPDXRef-Package-935B175C05FFB21B727C5D8BB95D5C4628651920D2B416D951D61C1C73767429",
      "downloadLocation": "NOASSERTION",
      "filesAnalyzed": false,
      "licenseConcluded": "NOASSERTION",
      "licenseInfoFromFiles": [
        "NOASSERTION"
      ],
      "licenseDeclared": "NOASSERTION",
      "copyrightText": "NOASSERTION",
      "versionInfo": "5.0.0",
      "externalRefs": [
        {
          "referenceCategory": "PACKAGE_MANAGER",
          "referenceType": "purl",
          "referenceLocator": "pkg:nuget/Microsoft.Bcl.AsyncInterfaces%405.0.0"
        }
      ],
      "supplier": "NOASSERTION"
    },
    {
      "name": "System.ServiceProcess.ServiceController",
      "SPDXID": "SPDXRef-Package-E78A8EA31E82973392E43281CF11C79DB7ABE160D7149ACC0AB948443B852980",
      "downloadLocation": "NOASSERTION",
      "filesAnalyzed": false,
      "licenseConcluded": "NOASSERTION",
      "licenseInfoFromFiles": [
        "NOASSERTION"
      ],
      "licenseDeclared": "NOASSERTION",
      "copyrightText": "NOASSERTION",
      "versionInfo": "6.0.0",
      "externalRefs": [
        {
          "referenceCategory": "PACKAGE_MANAGER",
          "referenceType": "purl",
          "referenceLocator": "pkg:nuget/System.ServiceProcess.ServiceController%406.0.0"
        }
      ],
      "supplier": "NOASSERTION"
    },
    {
      "name": "System.Data.OleDb",
      "SPDXID": "SPDXRef-Package-592417F103E272069FC16934DAA51D2E218CA8DC27B809C2032BCBA44246CE9A",
      "downloadLocation": "NOASSERTION",
      "filesAnalyzed": false,
      "licenseConcluded": "NOASSERTION",
      "licenseInfoFromFiles": [
        "NOASSERTION"
      ],
      "licenseDeclared": "NOASSERTION",
      "copyrightText": "NOASSERTION",
      "versionInfo": "6.0.0",
      "externalRefs": [
        {
          "referenceCategory": "PACKAGE_MANAGER",
          "referenceType": "purl",
          "referenceLocator": "pkg:nuget/System.Data.OleDb%406.0.0"
        }
      ],
      "supplier": "NOASSERTION"
    },
    {
      "name": "Microsoft.PowerShell.CoreCLR.Eventing",
      "SPDXID": "SPDXRef-Package-9DD4096FB1D77D65355719BC177D4861EE2EC5166FDE1A5F04D034A4F48CA0BF",
      "downloadLocation": "NOASSERTION",
      "filesAnalyzed": false,
      "licenseConcluded": "NOASSERTION",
      "licenseInfoFromFiles": [
        "NOASSERTION"
      ],
      "licenseDeclared": "NOASSERTION",
      "copyrightText": "NOASSERTION",
      "versionInfo": "7.2.0",
      "externalRefs": [
        {
          "referenceCategory": "PACKAGE_MANAGER",
          "referenceType": "purl",
          "referenceLocator": "pkg:nuget/Microsoft.PowerShell.CoreCLR.Eventing%407.2.0"
        }
      ],
      "supplier": "NOASSERTION"
    },
    {
      "name": "System.DirectoryServices.AccountManagement",
      "SPDXID": "SPDXRef-Package-86C6358AEB18D55D1244F9C4A4D5AA4685EA898C585F0A11759364055AE8D3F3",
      "downloadLocation": "NOASSERTION",
      "filesAnalyzed": false,
      "licenseConcluded": "NOASSERTION",
      "licenseInfoFromFiles": [
        "NOASSERTION"
      ],
      "licenseDeclared": "NOASSERTION",
      "copyrightText": "NOASSERTION",
      "versionInfo": "6.0.0",
      "externalRefs": [
        {
          "referenceCategory": "PACKAGE_MANAGER",
          "referenceType": "purl",
          "referenceLocator": "pkg:nuget/System.DirectoryServices.AccountManagement%406.0.0"
        }
      ],
      "supplier": "NOASSERTION"
    },
    {
      "name": "xunit",
      "SPDXID": "SPDXRef-Package-FB8DF0710406FE331D7D5DB94EF8BB2126EE4B14A1492C6A1AF9E9B399B1F001",
      "downloadLocation": "NOASSERTION",
      "filesAnalyzed": false,
      "licenseConcluded": "NOASSERTION",
      "licenseInfoFromFiles": [
        "NOASSERTION"
      ],
      "licenseDeclared": "NOASSERTION",
      "copyrightText": "NOASSERTION",
      "versionInfo": "2.4.1",
      "externalRefs": [
        {
          "referenceCategory": "PACKAGE_MANAGER",
          "referenceType": "purl",
          "referenceLocator": "pkg:nuget/xunit%402.4.1"
        }
      ],
      "supplier": "NOASSERTION"
    },
    {
      "name": "System.Diagnostics.PerformanceCounter",
      "SPDXID": "SPDXRef-Package-B2FA8A564A4A828589D4C291D0F174534E33CF8603A29003A1C9543B1114AEB0",
      "downloadLocation": "NOASSERTION",
      "filesAnalyzed": false,
      "licenseConcluded": "NOASSERTION",
      "licenseInfoFromFiles": [
        "NOASSERTION"
      ],
      "licenseDeclared": "NOASSERTION",
      "copyrightText": "NOASSERTION",
      "versionInfo": "6.0.0",
      "externalRefs": [
        {
          "referenceCategory": "PACKAGE_MANAGER",
          "referenceType": "purl",
          "referenceLocator": "pkg:nuget/System.Diagnostics.PerformanceCounter%406.0.0"
        }
      ],
      "supplier": "NOASSERTION"
    },
    {
      "name": "System.Security.AccessControl",
      "SPDXID": "SPDXRef-Package-EF13C297E61B73E019C1A470CACA399F9A94CCC334188ECAD593C0A3EDBD01E9",
      "downloadLocation": "NOASSERTION",
      "filesAnalyzed": false,
      "licenseConcluded": "NOASSERTION",
      "licenseInfoFromFiles": [
        "NOASSERTION"
      ],
      "licenseDeclared": "NOASSERTION",
      "copyrightText": "NOASSERTION",
      "versionInfo": "6.0.0",
      "externalRefs": [
        {
          "referenceCategory": "PACKAGE_MANAGER",
          "referenceType": "purl",
          "referenceLocator": "pkg:nuget/System.Security.AccessControl%406.0.0"
        }
      ],
      "supplier": "NOASSERTION"
    },
    {
      "name": "Newtonsoft.Json",
      "SPDXID": "SPDXRef-Package-FC54BC04F3DE4FA963027157293A22ABC763FDCAB144D700E9E1198158684CB5",
      "downloadLocation": "NOASSERTION",
      "filesAnalyzed": false,
      "licenseConcluded": "NOASSERTION",
      "licenseInfoFromFiles": [
        "NOASSERTION"
      ],
      "licenseDeclared": "NOASSERTION",
      "copyrightText": "NOASSERTION",
      "versionInfo": "12.0.3",
      "externalRefs": [
        {
          "referenceCategory": "PACKAGE_MANAGER",
          "referenceType": "purl",
          "referenceLocator": "pkg:nuget/Newtonsoft.Json%4012.0.3"
        }
      ],
      "supplier": "NOASSERTION"
    },
    {
      "name": "Microsoft.PowerShell.Commands.Utility",
      "SPDXID": "SPDXRef-Package-80BC5F9206E378F14D76BE046AAB65C1A9348501A2D743A7C416DDD9645A7D29",
      "downloadLocation": "NOASSERTION",
      "filesAnalyzed": false,
      "licenseConcluded": "NOASSERTION",
      "licenseInfoFromFiles": [
        "NOASSERTION"
      ],
      "licenseDeclared": "NOASSERTION",
      "copyrightText": "NOASSERTION",
      "versionInfo": "7.2.0",
      "externalRefs": [
        {
          "referenceCategory": "PACKAGE_MANAGER",
          "referenceType": "purl",
          "referenceLocator": "pkg:nuget/Microsoft.PowerShell.Commands.Utility%407.2.0"
        }
      ],
      "supplier": "NOASSERTION"
    },
    {
      "name": "Microsoft.PowerShell.SDK",
      "SPDXID": "SPDXRef-Package-AB402BB9834DE19E28AACDE8D35E1C9035B5847638635FD0B01923AA92848305",
      "downloadLocation": "NOASSERTION",
      "filesAnalyzed": false,
      "licenseConcluded": "NOASSERTION",
      "licenseInfoFromFiles": [
        "NOASSERTION"
      ],
      "licenseDeclared": "NOASSERTION",
      "copyrightText": "NOASSERTION",
      "versionInfo": "7.2.0",
      "externalRefs": [
        {
          "referenceCategory": "PACKAGE_MANAGER",
          "referenceType": "purl",
          "referenceLocator": "pkg:nuget/Microsoft.PowerShell.SDK%407.2.0"
        }
      ],
      "supplier": "NOASSERTION"
    },
    {
      "name": "Markdig.Signed",
      "SPDXID": "SPDXRef-Package-B87241737AACCEF9BDDF61770DD9A2F309DE44C071E44629CD2E18EEB03524E0",
      "downloadLocation": "NOASSERTION",
      "filesAnalyzed": false,
      "licenseConcluded": "NOASSERTION",
      "licenseInfoFromFiles": [
        "NOASSERTION"
      ],
      "licenseDeclared": "NOASSERTION",
      "copyrightText": "NOASSERTION",
      "versionInfo": "0.22.0",
      "externalRefs": [
        {
          "referenceCategory": "PACKAGE_MANAGER",
          "referenceType": "purl",
          "referenceLocator": "pkg:nuget/Markdig.Signed%400.22.0"
        }
      ],
      "supplier": "NOASSERTION"
    },
    {
      "name": "System.Windows.Extensions",
      "SPDXID": "SPDXRef-Package-21FA4877FE19074865015742F890344CD282D6CFB73B512D045A1E7CCEE9C03F",
      "downloadLocation": "NOASSERTION",
      "filesAnalyzed": false,
      "licenseConcluded": "NOASSERTION",
      "licenseInfoFromFiles": [
        "NOASSERTION"
      ],
      "licenseDeclared": "NOASSERTION",
      "copyrightText": "NOASSERTION",
      "versionInfo": "6.0.0",
      "externalRefs": [
        {
          "referenceCategory": "PACKAGE_MANAGER",
          "referenceType": "purl",
          "referenceLocator": "pkg:nuget/System.Windows.Extensions%406.0.0"
        }
      ],
      "supplier": "NOASSERTION"
    },
    {
      "name": "xunit.extensibility.execution",
      "SPDXID": "SPDXRef-Package-986CEA94657618796666D7EC16A4FF9F0D587C9F957B868E09CB5A4205AB20DA",
      "downloadLocation": "NOASSERTION",
      "filesAnalyzed": false,
      "licenseConcluded": "NOASSERTION",
      "licenseInfoFromFiles": [
        "NOASSERTION"
      ],
      "licenseDeclared": "NOASSERTION",
      "copyrightText": "NOASSERTION",
      "versionInfo": "2.4.1",
      "externalRefs": [
        {
          "referenceCategory": "PACKAGE_MANAGER",
          "referenceType": "purl",
          "referenceLocator": "pkg:nuget/xunit.extensibility.execution%402.4.1"
        }
      ],
      "supplier": "NOASSERTION"
    },
    {
      "name": "Microsoft.NET.Test.Sdk",
      "SPDXID": "SPDXRef-Package-54C7231B52E009C72C98243A878C5190CF4C3C9AAB05E63862B14B63A7FCF02D",
      "downloadLocation": "NOASSERTION",
      "filesAnalyzed": false,
      "licenseConcluded": "NOASSERTION",
      "licenseInfoFromFiles": [
        "NOASSERTION"
      ],
      "licenseDeclared": "NOASSERTION",
      "copyrightText": "NOASSERTION",
      "versionInfo": "16.7.1",
      "externalRefs": [
        {
          "referenceCategory": "PACKAGE_MANAGER",
          "referenceType": "purl",
          "referenceLocator": "pkg:nuget/Microsoft.NET.Test.Sdk%4016.7.1"
        }
      ],
      "supplier": "NOASSERTION"
    },
    {
      "name": "Microsoft.Management.Infrastructure.Runtime.Win",
      "SPDXID": "SPDXRef-Package-A455671F3D22730D84896DA227C896614717AEF9B17AFA42CFBE6ABB909F517A",
      "downloadLocation": "NOASSERTION",
      "filesAnalyzed": false,
      "licenseConcluded": "NOASSERTION",
      "licenseInfoFromFiles": [
        "NOASSERTION"
      ],
      "licenseDeclared": "NOASSERTION",
      "copyrightText": "NOASSERTION",
      "versionInfo": "2.0.0",
      "externalRefs": [
        {
          "referenceCategory": "PACKAGE_MANAGER",
          "referenceType": "purl",
          "referenceLocator": "pkg:nuget/Microsoft.Management.Infrastructure.Runtime.Win%402.0.0"
        }
      ],
      "supplier": "NOASSERTION"
    },
    {
      "name": "Microsoft.WSMan.Management",
      "SPDXID": "SPDXRef-Package-F371F6DF4A0DF161139E46BCFF24AC7D1D83BF3E112BBC7C14E290A2A06E860B",
      "downloadLocation": "NOASSERTION",
      "filesAnalyzed": false,
      "licenseConcluded": "NOASSERTION",
      "licenseInfoFromFiles": [
        "NOASSERTION"
      ],
      "licenseDeclared": "NOASSERTION",
      "copyrightText": "NOASSERTION",
      "versionInfo": "7.2.0",
      "externalRefs": [
        {
          "referenceCategory": "PACKAGE_MANAGER",
          "referenceType": "purl",
          "referenceLocator": "pkg:nuget/Microsoft.WSMan.Management%407.2.0"
        }
      ],
      "supplier": "NOASSERTION"
    },
    {
      "name": "System.Management",
      "SPDXID": "SPDXRef-Package-8CC47BF8947038A6907119B0E6B50D4428C18429948E5B1FBF19AE23F22D34CC",
      "downloadLocation": "NOASSERTION",
      "filesAnalyzed": false,
      "licenseConcluded": "NOASSERTION",
      "licenseInfoFromFiles": [
        "NOASSERTION"
      ],
      "licenseDeclared": "NOASSERTION",
      "copyrightText": "NOASSERTION",
      "versionInfo": "6.0.0",
      "externalRefs": [
        {
          "referenceCategory": "PACKAGE_MANAGER",
          "referenceType": "purl",
          "referenceLocator": "pkg:nuget/System.Management%406.0.0"
        }
      ],
      "supplier": "NOASSERTION"
    },
    {
      "name": "runtime.linux-x64.runtime.native.System.IO.Ports",
      "SPDXID": "SPDXRef-Package-8557535027B08EC5B5D94AE5D974EFD54EE84791EE4FDBC39606058EE4C3553F",
      "downloadLocation": "NOASSERTION",
      "filesAnalyzed": false,
      "licenseConcluded": "NOASSERTION",
      "licenseInfoFromFiles": [
        "NOASSERTION"
      ],
      "licenseDeclared": "NOASSERTION",
      "copyrightText": "NOASSERTION",
      "versionInfo": "6.0.0",
      "externalRefs": [
        {
          "referenceCategory": "PACKAGE_MANAGER",
          "referenceType": "purl",
          "referenceLocator": "pkg:nuget/runtime.linux-x64.runtime.native.System.IO.Ports%406.0.0"
        }
      ],
      "supplier": "NOASSERTION"
    },
    {
      "name": "System.Private.ServiceModel",
      "SPDXID": "SPDXRef-Package-84B14D33FF638E6C141E303BE4C3FED5BF571A6652C945BE5F6E029CD390F42E",
      "downloadLocation": "NOASSERTION",
      "filesAnalyzed": false,
      "licenseConcluded": "NOASSERTION",
      "licenseInfoFromFiles": [
        "NOASSERTION"
      ],
      "licenseDeclared": "NOASSERTION",
      "copyrightText": "NOASSERTION",
      "versionInfo": "4.9.0",
      "externalRefs": [
        {
          "referenceCategory": "PACKAGE_MANAGER",
          "referenceType": "purl",
          "referenceLocator": "pkg:nuget/System.Private.ServiceModel%404.9.0"
        }
      ],
      "supplier": "NOASSERTION"
    },
    {
      "name": "System.Net.Http.WinHttpHandler",
      "SPDXID": "SPDXRef-Package-F86AFBAD3549B1B17ABD2BA4AADA08D1E6E76FFB4599075C779BE15310B9D33E",
      "downloadLocation": "NOASSERTION",
      "filesAnalyzed": false,
      "licenseConcluded": "NOASSERTION",
      "licenseInfoFromFiles": [
        "NOASSERTION"
      ],
      "licenseDeclared": "NOASSERTION",
      "copyrightText": "NOASSERTION",
      "versionInfo": "6.0.0",
      "externalRefs": [
        {
          "referenceCategory": "PACKAGE_MANAGER",
          "referenceType": "purl",
          "referenceLocator": "pkg:nuget/System.Net.Http.WinHttpHandler%406.0.0"
        }
      ],
      "supplier": "NOASSERTION"
    },
    {
      "name": "Microsoft.Win32.SystemEvents",
      "SPDXID": "SPDXRef-Package-61BD4AF53D01202F0D6D466AD879EB99225E49B44FCCF46BB961CBFBC942E23A",
      "downloadLocation": "NOASSERTION",
      "filesAnalyzed": false,
      "licenseConcluded": "NOASSERTION",
      "licenseInfoFromFiles": [
        "NOASSERTION"
      ],
      "licenseDeclared": "NOASSERTION",
      "copyrightText": "NOASSERTION",
      "versionInfo": "6.0.0",
      "externalRefs": [
        {
          "referenceCategory": "PACKAGE_MANAGER",
          "referenceType": "purl",
          "referenceLocator": "pkg:nuget/Microsoft.Win32.SystemEvents%406.0.0"
        }
      ],
      "supplier": "NOASSERTION"
    },
    {
      "name": "System.Speech",
      "SPDXID": "SPDXRef-Package-4AEE1E34DBB10B977DA2CB97ED14A18B3A1F7DAA83E2C7603EA6239EA847AD0A",
      "downloadLocation": "NOASSERTION",
      "filesAnalyzed": false,
      "licenseConcluded": "NOASSERTION",
      "licenseInfoFromFiles": [
        "NOASSERTION"
      ],
      "licenseDeclared": "NOASSERTION",
      "copyrightText": "NOASSERTION",
      "versionInfo": "6.0.0",
      "externalRefs": [
        {
          "referenceCategory": "PACKAGE_MANAGER",
          "referenceType": "purl",
          "referenceLocator": "pkg:nuget/System.Speech%406.0.0"
        }
      ],
      "supplier": "NOASSERTION"
    },
    {
      "name": "Microsoft.NETFramework.ReferenceAssemblies.net462",
      "SPDXID": "SPDXRef-Package-1817CDA80B395F15045FCBF84EEF035C843016194B898501F131081040D2964E",
      "downloadLocation": "NOASSERTION",
      "filesAnalyzed": false,
      "licenseConcluded": "NOASSERTION",
      "licenseInfoFromFiles": [
        "NOASSERTION"
      ],
      "licenseDeclared": "NOASSERTION",
      "copyrightText": "NOASSERTION",
      "versionInfo": "1.0.2",
      "externalRefs": [
        {
          "referenceCategory": "PACKAGE_MANAGER",
          "referenceType": "purl",
          "referenceLocator": "pkg:nuget/Microsoft.NETFramework.ReferenceAssemblies.net462%401.0.2"
        }
      ],
      "supplier": "NOASSERTION"
    },
    {
      "name": "Microsoft.NETFramework.ReferenceAssemblies",
      "SPDXID": "SPDXRef-Package-C5F01AB521D279F0FA715770501629E0F7791B9AA6FADA53CDD8784508D8EBD1",
      "downloadLocation": "NOASSERTION",
      "filesAnalyzed": false,
      "licenseConcluded": "NOASSERTION",
      "licenseInfoFromFiles": [
        "NOASSERTION"
      ],
      "licenseDeclared": "NOASSERTION",
      "copyrightText": "NOASSERTION",
      "versionInfo": "1.0.2",
      "externalRefs": [
        {
          "referenceCategory": "PACKAGE_MANAGER",
          "referenceType": "purl",
          "referenceLocator": "pkg:nuget/Microsoft.NETFramework.ReferenceAssemblies%401.0.2"
        }
      ],
      "supplier": "NOASSERTION"
    },
    {
      "name": "System.Runtime.CompilerServices.Unsafe",
      "SPDXID": "SPDXRef-Package-EB772CC504A8C4FCA5B9815577BC4D390EAF4353B4673865636B49AEB9B6414E",
      "downloadLocation": "NOASSERTION",
      "filesAnalyzed": false,
      "licenseConcluded": "NOASSERTION",
      "licenseInfoFromFiles": [
        "NOASSERTION"
      ],
      "licenseDeclared": "NOASSERTION",
      "copyrightText": "NOASSERTION",
      "versionInfo": "6.0.0",
      "externalRefs": [
        {
          "referenceCategory": "PACKAGE_MANAGER",
          "referenceType": "purl",
          "referenceLocator": "pkg:nuget/System.Runtime.CompilerServices.Unsafe%406.0.0"
        }
      ],
      "supplier": "NOASSERTION"
    },
    {
      "name": "Microsoft.PowerShell.Native",
      "SPDXID": "SPDXRef-Package-A4966774D3681FB45924A7553133B96DB96B6311D11397C5D5E6467C768AEAE8",
      "downloadLocation": "NOASSERTION",
      "filesAnalyzed": false,
      "licenseConcluded": "NOASSERTION",
      "licenseInfoFromFiles": [
        "NOASSERTION"
      ],
      "licenseDeclared": "NOASSERTION",
      "copyrightText": "NOASSERTION",
      "versionInfo": "7.2.0",
      "externalRefs": [
        {
          "referenceCategory": "PACKAGE_MANAGER",
          "referenceType": "purl",
          "referenceLocator": "pkg:nuget/Microsoft.PowerShell.Native%407.2.0"
        }
      ],
      "supplier": "NOASSERTION"
    },
    {
      "name": "System.Web.Services.Description",
      "SPDXID": "SPDXRef-Package-0EF569F2A09B4130CF3D3B742339B7727441A28599CBD0DEE82D6502B6DA54F6",
      "downloadLocation": "NOASSERTION",
      "filesAnalyzed": false,
      "licenseConcluded": "NOASSERTION",
      "licenseInfoFromFiles": [
        "NOASSERTION"
      ],
      "licenseDeclared": "NOASSERTION",
      "copyrightText": "NOASSERTION",
      "versionInfo": "4.9.0",
      "externalRefs": [
        {
          "referenceCategory": "PACKAGE_MANAGER",
          "referenceType": "purl",
          "referenceLocator": "pkg:nuget/System.Web.Services.Description%404.9.0"
        }
      ],
      "supplier": "NOASSERTION"
    },
    {
      "name": "Microsoft.Management.Infrastructure",
      "SPDXID": "SPDXRef-Package-E8B432A0D1ED08F0FA9D2A2CE7D770747B60C2D39A0D181D41BE40778780DDD8",
      "downloadLocation": "NOASSERTION",
      "filesAnalyzed": false,
      "licenseConcluded": "NOASSERTION",
      "licenseInfoFromFiles": [
        "NOASSERTION"
      ],
      "licenseDeclared": "NOASSERTION",
      "copyrightText": "NOASSERTION",
      "versionInfo": "2.0.0",
      "externalRefs": [
        {
          "referenceCategory": "PACKAGE_MANAGER",
          "referenceType": "purl",
          "referenceLocator": "pkg:nuget/Microsoft.Management.Infrastructure%402.0.0"
        }
      ],
      "supplier": "NOASSERTION"
    },
    {
      "name": "runtime.win-x64.runtime.native.System.Data.SqlClient.sni",
      "SPDXID": "SPDXRef-Package-6A0861A59F0A987AB11F0DF6B0E2F46CB11A965AFF406F10FDDAF3605CF15D60",
      "downloadLocation": "NOASSERTION",
      "filesAnalyzed": false,
      "licenseConcluded": "NOASSERTION",
      "licenseInfoFromFiles": [
        "NOASSERTION"
      ],
      "licenseDeclared": "NOASSERTION",
      "copyrightText": "NOASSERTION",
      "versionInfo": "4.4.0",
      "externalRefs": [
        {
          "referenceCategory": "PACKAGE_MANAGER",
          "referenceType": "purl",
          "referenceLocator": "pkg:nuget/runtime.win-x64.runtime.native.System.Data.SqlClient.sni%404.4.0"
        }
      ],
      "supplier": "NOASSERTION"
    },
    {
      "name": "Microsoft.PowerShell.MarkdownRender",
      "SPDXID": "SPDXRef-Package-46C34B946F3BED3A24C11DD4570FD3432C12253138B6689C1E632FA76E939529",
      "downloadLocation": "NOASSERTION",
      "filesAnalyzed": false,
      "licenseConcluded": "NOASSERTION",
      "licenseInfoFromFiles": [
        "NOASSERTION"
      ],
      "licenseDeclared": "NOASSERTION",
      "copyrightText": "NOASSERTION",
      "versionInfo": "7.2.0",
      "externalRefs": [
        {
          "referenceCategory": "PACKAGE_MANAGER",
          "referenceType": "purl",
          "referenceLocator": "pkg:nuget/Microsoft.PowerShell.MarkdownRender%407.2.0"
        }
      ],
      "supplier": "NOASSERTION"
    },
    {
      "name": "runtime.osx-arm64.runtime.native.System.IO.Ports",
      "SPDXID": "SPDXRef-Package-EBD817AA4EC56373AB2DE16063EFDEC7371D8296327AAB9555AD42E82C9441C7",
      "downloadLocation": "NOASSERTION",
      "filesAnalyzed": false,
      "licenseConcluded": "NOASSERTION",
      "licenseInfoFromFiles": [
        "NOASSERTION"
      ],
      "licenseDeclared": "NOASSERTION",
      "copyrightText": "NOASSERTION",
      "versionInfo": "6.0.0",
      "externalRefs": [
        {
          "referenceCategory": "PACKAGE_MANAGER",
          "referenceType": "purl",
          "referenceLocator": "pkg:nuget/runtime.osx-arm64.runtime.native.System.IO.Ports%406.0.0"
        }
      ],
      "supplier": "NOASSERTION"
    },
    {
      "name": "Microsoft.WSMan.Runtime",
      "SPDXID": "SPDXRef-Package-1E9F223EEF48F45F70A1707BD962288BDE654961D0C76B5AF985954988142B7F",
      "downloadLocation": "NOASSERTION",
      "filesAnalyzed": false,
      "licenseConcluded": "NOASSERTION",
      "licenseInfoFromFiles": [
        "NOASSERTION"
      ],
      "licenseDeclared": "NOASSERTION",
      "copyrightText": "NOASSERTION",
      "versionInfo": "7.2.0",
      "externalRefs": [
        {
          "referenceCategory": "PACKAGE_MANAGER",
          "referenceType": "purl",
          "referenceLocator": "pkg:nuget/Microsoft.WSMan.Runtime%407.2.0"
        }
      ],
      "supplier": "NOASSERTION"
    },
    {
      "name": "System.Reflection.Context",
      "SPDXID": "SPDXRef-Package-46803AFB9BD8847370778E11A86C9A93568DE13810010931BE89F678A259787A",
      "downloadLocation": "NOASSERTION",
      "filesAnalyzed": false,
      "licenseConcluded": "NOASSERTION",
      "licenseInfoFromFiles": [
        "NOASSERTION"
      ],
      "licenseDeclared": "NOASSERTION",
      "copyrightText": "NOASSERTION",
      "versionInfo": "6.0.0",
      "externalRefs": [
        {
          "referenceCategory": "PACKAGE_MANAGER",
          "referenceType": "purl",
          "referenceLocator": "pkg:nuget/System.Reflection.Context%406.0.0"
        }
      ],
      "supplier": "NOASSERTION"
    },
    {
      "name": "Microsoft.Management.Infrastructure.CimCmdlets",
      "SPDXID": "SPDXRef-Package-FA628CA1BEDF1C32A076F32D2FAE58041F044FDBF8D8FCA09B436C2DEC4795D6",
      "downloadLocation": "NOASSERTION",
      "filesAnalyzed": false,
      "licenseConcluded": "NOASSERTION",
      "licenseInfoFromFiles": [
        "NOASSERTION"
      ],
      "licenseDeclared": "NOASSERTION",
      "copyrightText": "NOASSERTION",
      "versionInfo": "7.2.0",
      "externalRefs": [
        {
          "referenceCategory": "PACKAGE_MANAGER",
          "referenceType": "purl",
          "referenceLocator": "pkg:nuget/Microsoft.Management.Infrastructure.CimCmdlets%407.2.0"
        }
      ],
      "supplier": "NOASSERTION"
    },
    {
      "name": "Microsoft.Extensions.ObjectPool",
      "SPDXID": "SPDXRef-Package-64DEE513BDDB4808732AD92D0B00223DEF8D29E5BEA9436984D966CEB593EBB8",
      "downloadLocation": "NOASSERTION",
      "filesAnalyzed": false,
      "licenseConcluded": "NOASSERTION",
      "licenseInfoFromFiles": [
        "NOASSERTION"
      ],
      "licenseDeclared": "NOASSERTION",
      "copyrightText": "NOASSERTION",
      "versionInfo": "5.0.10",
      "externalRefs": [
        {
          "referenceCategory": "PACKAGE_MANAGER",
          "referenceType": "purl",
          "referenceLocator": "pkg:nuget/Microsoft.Extensions.ObjectPool%405.0.10"
        }
      ],
      "supplier": "NOASSERTION"
    },
    {
      "name": "Microsoft.PowerShell.ConsoleHost",
      "SPDXID": "SPDXRef-Package-BB1164BDA5D90D88D29370918A735494F59D8A0E267ADEEA66065BDB4DB9363B",
      "downloadLocation": "NOASSERTION",
      "filesAnalyzed": false,
      "licenseConcluded": "NOASSERTION",
      "licenseInfoFromFiles": [
        "NOASSERTION"
      ],
      "licenseDeclared": "NOASSERTION",
      "copyrightText": "NOASSERTION",
      "versionInfo": "7.2.0",
      "externalRefs": [
        {
          "referenceCategory": "PACKAGE_MANAGER",
          "referenceType": "purl",
          "referenceLocator": "pkg:nuget/Microsoft.PowerShell.ConsoleHost%407.2.0"
        }
      ],
      "supplier": "NOASSERTION"
    },
    {
      "name": "System.ServiceModel.Primitives",
      "SPDXID": "SPDXRef-Package-6B21985040F057EE5C7CC988854C5869CA0B5AF5D6620B27979F7BD62EC15E62",
      "downloadLocation": "NOASSERTION",
      "filesAnalyzed": false,
      "licenseConcluded": "NOASSERTION",
      "licenseInfoFromFiles": [
        "NOASSERTION"
      ],
      "licenseDeclared": "NOASSERTION",
      "copyrightText": "NOASSERTION",
      "versionInfo": "4.9.0",
      "externalRefs": [
        {
          "referenceCategory": "PACKAGE_MANAGER",
          "referenceType": "purl",
          "referenceLocator": "pkg:nuget/System.ServiceModel.Primitives%404.9.0"
        }
      ],
      "supplier": "NOASSERTION"
    },
    {
      "name": "Microsoft.Management.Infrastructure.Runtime.Unix",
      "SPDXID": "SPDXRef-Package-A77828D63DFDE4FBA9DD3978643F4BF92C656676B1EC9134FCA04EBA007F8DB9",
      "downloadLocation": "NOASSERTION",
      "filesAnalyzed": false,
      "licenseConcluded": "NOASSERTION",
      "licenseInfoFromFiles": [
        "NOASSERTION"
      ],
      "licenseDeclared": "NOASSERTION",
      "copyrightText": "NOASSERTION",
      "versionInfo": "2.0.0",
      "externalRefs": [
        {
          "referenceCategory": "PACKAGE_MANAGER",
          "referenceType": "purl",
          "referenceLocator": "pkg:nuget/Microsoft.Management.Infrastructure.Runtime.Unix%402.0.0"
        }
      ],
      "supplier": "NOASSERTION"
    },
    {
      "name": "System.ServiceModel.Security",
      "SPDXID": "SPDXRef-Package-6EA757BA0F8D2A7DB7AAF12BA27E64286F4D52DFFDFB0470069A37C28BD42AC3",
      "downloadLocation": "NOASSERTION",
      "filesAnalyzed": false,
      "licenseConcluded": "NOASSERTION",
      "licenseInfoFromFiles": [
        "NOASSERTION"
      ],
      "licenseDeclared": "NOASSERTION",
      "copyrightText": "NOASSERTION",
      "versionInfo": "4.9.0",
      "externalRefs": [
        {
          "referenceCategory": "PACKAGE_MANAGER",
          "referenceType": "purl",
          "referenceLocator": "pkg:nuget/System.ServiceModel.Security%404.9.0"
        }
      ],
      "supplier": "NOASSERTION"
    },
    {
      "name": "System.ServiceModel.Http",
      "SPDXID": "SPDXRef-Package-08332A81CA715178A93363E5F454A8694E0E0C553DE4EB12F6B2732EB7126440",
      "downloadLocation": "NOASSERTION",
      "filesAnalyzed": false,
      "licenseConcluded": "NOASSERTION",
      "licenseInfoFromFiles": [
        "NOASSERTION"
      ],
      "licenseDeclared": "NOASSERTION",
      "copyrightText": "NOASSERTION",
      "versionInfo": "4.9.0",
      "externalRefs": [
        {
          "referenceCategory": "PACKAGE_MANAGER",
          "referenceType": "purl",
          "referenceLocator": "pkg:nuget/System.ServiceModel.Http%404.9.0"
        }
      ],
      "supplier": "NOASSERTION"
    },
    {
      "name": "runtime.win-arm64.runtime.native.System.Data.SqlClient.sni",
      "SPDXID": "SPDXRef-Package-4CA26BADD18BC7B5C3A46075D8709A91FADC9E5E2A36A2A92AB6BE59AD3CACA2",
      "downloadLocation": "NOASSERTION",
      "filesAnalyzed": false,
      "licenseConcluded": "NOASSERTION",
      "licenseInfoFromFiles": [
        "NOASSERTION"
      ],
      "licenseDeclared": "NOASSERTION",
      "copyrightText": "NOASSERTION",
      "versionInfo": "4.4.0",
      "externalRefs": [
        {
          "referenceCategory": "PACKAGE_MANAGER",
          "referenceType": "purl",
          "referenceLocator": "pkg:nuget/runtime.win-arm64.runtime.native.System.Data.SqlClient.sni%404.4.0"
        }
      ],
      "supplier": "NOASSERTION"
    },
    {
      "name": "runtime.linux-arm64.runtime.native.System.IO.Ports",
      "SPDXID": "SPDXRef-Package-166BD93CF6EB8E23471933D4F506D10AEE0ADF4E8EDE160F299F9850ED61EC10",
      "downloadLocation": "NOASSERTION",
      "filesAnalyzed": false,
      "licenseConcluded": "NOASSERTION",
      "licenseInfoFromFiles": [
        "NOASSERTION"
      ],
      "licenseDeclared": "NOASSERTION",
      "copyrightText": "NOASSERTION",
      "versionInfo": "6.0.0",
      "externalRefs": [
        {
          "referenceCategory": "PACKAGE_MANAGER",
          "referenceType": "purl",
          "referenceLocator": "pkg:nuget/runtime.linux-arm64.runtime.native.System.IO.Ports%406.0.0"
        }
      ],
      "supplier": "NOASSERTION"
    },
    {
      "name": "Microsoft.PowerShell.Commands.Diagnostics",
      "SPDXID": "SPDXRef-Package-A7A3A04FFF79FC9845CDB964933FD5CBE78B8826EE86F2A8605A04E9DBA7D0E9",
      "downloadLocation": "NOASSERTION",
      "filesAnalyzed": false,
      "licenseConcluded": "NOASSERTION",
      "licenseInfoFromFiles": [
        "NOASSERTION"
      ],
      "licenseDeclared": "NOASSERTION",
      "copyrightText": "NOASSERTION",
      "versionInfo": "7.2.0",
      "externalRefs": [
        {
          "referenceCategory": "PACKAGE_MANAGER",
          "referenceType": "purl",
          "referenceLocator": "pkg:nuget/Microsoft.PowerShell.Commands.Diagnostics%407.2.0"
        }
      ],
      "supplier": "NOASSERTION"
    },
    {
      "name": "System.Security.Permissions",
      "SPDXID": "SPDXRef-Package-912B04C776374167E8F88EAA2C7702B46BEE2E20E428F4F3242D4DC2DE018FDB",
      "downloadLocation": "NOASSERTION",
      "filesAnalyzed": false,
      "licenseConcluded": "NOASSERTION",
      "licenseInfoFromFiles": [
        "NOASSERTION"
      ],
      "licenseDeclared": "NOASSERTION",
      "copyrightText": "NOASSERTION",
      "versionInfo": "6.0.0",
      "externalRefs": [
        {
          "referenceCategory": "PACKAGE_MANAGER",
          "referenceType": "purl",
          "referenceLocator": "pkg:nuget/System.Security.Permissions%406.0.0"
        }
      ],
      "supplier": "NOASSERTION"
    },
    {
      "name": "System.Formats.Asn1",
      "SPDXID": "SPDXRef-Package-90FFB180A15EDB2C7818D0A6BBF4AF83A59E037D84E6EDA0D6037B9BCAC80066",
      "downloadLocation": "NOASSERTION",
      "filesAnalyzed": false,
      "licenseConcluded": "NOASSERTION",
      "licenseInfoFromFiles": [
        "NOASSERTION"
      ],
      "licenseDeclared": "NOASSERTION",
      "copyrightText": "NOASSERTION",
      "versionInfo": "6.0.0",
      "externalRefs": [
        {
          "referenceCategory": "PACKAGE_MANAGER",
          "referenceType": "purl",
          "referenceLocator": "pkg:nuget/System.Formats.Asn1%406.0.0"
        }
      ],
      "supplier": "NOASSERTION"
    },
    {
      "name": "runtime.native.System.IO.Ports",
      "SPDXID": "SPDXRef-Package-FE8BAD74A1378EC1357F18D449B0CE6ECBF9FFEEC2966E886F85CFA66C6E6F39",
      "downloadLocation": "NOASSERTION",
      "filesAnalyzed": false,
      "licenseConcluded": "NOASSERTION",
      "licenseInfoFromFiles": [
        "NOASSERTION"
      ],
      "licenseDeclared": "NOASSERTION",
      "copyrightText": "NOASSERTION",
      "versionInfo": "6.0.0",
      "externalRefs": [
        {
          "referenceCategory": "PACKAGE_MANAGER",
          "referenceType": "purl",
          "referenceLocator": "pkg:nuget/runtime.native.System.IO.Ports%406.0.0"
        }
      ],
      "supplier": "NOASSERTION"
    },
    {
      "name": "xunit.runner.visualstudio",
      "SPDXID": "SPDXRef-Package-0F1DD1BB597A489032660E4B5B3401F30B9410E2DD0417590DA336820EA72D29",
      "downloadLocation": "NOASSERTION",
      "filesAnalyzed": false,
      "licenseConcluded": "NOASSERTION",
      "licenseInfoFromFiles": [
        "NOASSERTION"
      ],
      "licenseDeclared": "NOASSERTION",
      "copyrightText": "NOASSERTION",
      "versionInfo": "2.4.3",
      "externalRefs": [
        {
          "referenceCategory": "PACKAGE_MANAGER",
          "referenceType": "purl",
          "referenceLocator": "pkg:nuget/xunit.runner.visualstudio%402.4.3"
        }
      ],
      "supplier": "NOASSERTION"
    },
    {
      "name": "Microsoft.CodeCoverage",
      "SPDXID": "SPDXRef-Package-D211DF4C5D378775580D6FBA1604D9FBFA3812862391BEC5E3489F0CECD1B1A0",
      "downloadLocation": "NOASSERTION",
      "filesAnalyzed": false,
      "licenseConcluded": "NOASSERTION",
      "licenseInfoFromFiles": [
        "NOASSERTION"
      ],
      "licenseDeclared": "NOASSERTION",
      "copyrightText": "NOASSERTION",
      "versionInfo": "16.7.1",
      "externalRefs": [
        {
          "referenceCategory": "PACKAGE_MANAGER",
          "referenceType": "purl",
          "referenceLocator": "pkg:nuget/Microsoft.CodeCoverage%4016.7.1"
        }
      ],
      "supplier": "NOASSERTION"
    },
    {
      "name": "NuGet.Frameworks",
      "SPDXID": "SPDXRef-Package-2A9E8582B673D641356B384C3FEC0B11CC0C79464B15B0E8DF861DFE3CFA0908",
      "downloadLocation": "NOASSERTION",
      "filesAnalyzed": false,
      "licenseConcluded": "NOASSERTION",
      "licenseInfoFromFiles": [
        "NOASSERTION"
      ],
      "licenseDeclared": "NOASSERTION",
      "copyrightText": "NOASSERTION",
      "versionInfo": "5.0.0",
      "externalRefs": [
        {
          "referenceCategory": "PACKAGE_MANAGER",
          "referenceType": "purl",
          "referenceLocator": "pkg:nuget/NuGet.Frameworks%405.0.0"
        }
      ],
      "supplier": "NOASSERTION"
    },
    {
      "name": "System.ComponentModel.Composition.Registration",
      "SPDXID": "SPDXRef-Package-7D326B5A8CD868653D137D73BA0389A6A8025AD5AF2967A83B6B50B516FD7038",
      "downloadLocation": "NOASSERTION",
      "filesAnalyzed": false,
      "licenseConcluded": "NOASSERTION",
      "licenseInfoFromFiles": [
        "NOASSERTION"
      ],
      "licenseDeclared": "NOASSERTION",
      "copyrightText": "NOASSERTION",
      "versionInfo": "6.0.0",
      "externalRefs": [
        {
          "referenceCategory": "PACKAGE_MANAGER",
          "referenceType": "purl",
          "referenceLocator": "pkg:nuget/System.ComponentModel.Composition.Registration%406.0.0"
        }
      ],
      "supplier": "NOASSERTION"
    },
    {
      "name": "System.Diagnostics.EventLog",
      "SPDXID": "SPDXRef-Package-34BA73B9883E2C67FB9A587C5BFABC034ED13E40174273C152B63846E0BD16AF",
      "downloadLocation": "NOASSERTION",
      "filesAnalyzed": false,
      "licenseConcluded": "NOASSERTION",
      "licenseInfoFromFiles": [
        "NOASSERTION"
      ],
      "licenseDeclared": "NOASSERTION",
      "copyrightText": "NOASSERTION",
      "versionInfo": "6.0.0",
      "externalRefs": [
        {
          "referenceCategory": "PACKAGE_MANAGER",
          "referenceType": "purl",
          "referenceLocator": "pkg:nuget/System.Diagnostics.EventLog%406.0.0"
        }
      ],
      "supplier": "NOASSERTION"
    },
    {
      "name": "System.CodeDom",
      "SPDXID": "SPDXRef-Package-3E77807FD78D01056DB1152C15E703716E0943DEF0F5A369B0667F5913785AD5",
      "downloadLocation": "NOASSERTION",
      "filesAnalyzed": false,
      "licenseConcluded": "NOASSERTION",
      "licenseInfoFromFiles": [
        "NOASSERTION"
      ],
      "licenseDeclared": "NOASSERTION",
      "copyrightText": "NOASSERTION",
      "versionInfo": "6.0.0",
      "externalRefs": [
        {
          "referenceCategory": "PACKAGE_MANAGER",
          "referenceType": "purl",
          "referenceLocator": "pkg:nuget/System.CodeDom%406.0.0"
        }
      ],
      "supplier": "NOASSERTION"
    },
    {
      "name": "Validation",
      "SPDXID": "SPDXRef-Package-0F28DC085839F16FE2222F74BDA800F9B801E647F6520C9F819F3196FC4DD838",
      "downloadLocation": "NOASSERTION",
      "filesAnalyzed": false,
      "licenseConcluded": "NOASSERTION",
      "licenseInfoFromFiles": [
        "NOASSERTION"
      ],
      "licenseDeclared": "NOASSERTION",
      "copyrightText": "NOASSERTION",
      "versionInfo": "2.4.18",
      "externalRefs": [
        {
          "referenceCategory": "PACKAGE_MANAGER",
          "referenceType": "purl",
          "referenceLocator": "pkg:nuget/Validation%402.4.18"
        }
      ],
      "supplier": "NOASSERTION"
    },
    {
      "name": "System.Security.Cryptography.Pkcs",
      "SPDXID": "SPDXRef-Package-31EDF42FA1D8E328E83E9DB70280B9A6584E27C628C4B9734FE03F85269FDB41",
      "downloadLocation": "NOASSERTION",
      "filesAnalyzed": false,
      "licenseConcluded": "NOASSERTION",
      "licenseInfoFromFiles": [
        "NOASSERTION"
      ],
      "licenseDeclared": "NOASSERTION",
      "copyrightText": "NOASSERTION",
      "versionInfo": "6.0.0",
      "externalRefs": [
        {
          "referenceCategory": "PACKAGE_MANAGER",
          "referenceType": "purl",
          "referenceLocator": "pkg:nuget/System.Security.Cryptography.Pkcs%406.0.0"
        }
      ],
      "supplier": "NOASSERTION"
    },
    {
      "name": "System.Management.Automation",
      "SPDXID": "SPDXRef-Package-2BD5D3A17A4DB2202EE8DD42CAFC9FE043E6092504DB6ABC78B9FCABD2B72A00",
      "downloadLocation": "NOASSERTION",
      "filesAnalyzed": false,
      "licenseConcluded": "NOASSERTION",
      "licenseInfoFromFiles": [
        "NOASSERTION"
      ],
      "licenseDeclared": "NOASSERTION",
      "copyrightText": "NOASSERTION",
      "versionInfo": "7.2.0",
      "externalRefs": [
        {
          "referenceCategory": "PACKAGE_MANAGER",
          "referenceType": "purl",
          "referenceLocator": "pkg:nuget/System.Management.Automation%407.2.0"
        }
      ],
      "supplier": "NOASSERTION"
    },
    {
      "name": "Microsoft.PowerShell.Commands.Management",
      "SPDXID": "SPDXRef-Package-3DD2D387BBDA6EF53F1E2FEA5D609D45882D95B0E64310E234B8858067E6F74D",
      "downloadLocation": "NOASSERTION",
      "filesAnalyzed": false,
      "licenseConcluded": "NOASSERTION",
      "licenseInfoFromFiles": [
        "NOASSERTION"
      ],
      "licenseDeclared": "NOASSERTION",
      "copyrightText": "NOASSERTION",
      "versionInfo": "7.2.0",
      "externalRefs": [
        {
          "referenceCategory": "PACKAGE_MANAGER",
          "referenceType": "purl",
          "referenceLocator": "pkg:nuget/Microsoft.PowerShell.Commands.Management%407.2.0"
        }
      ],
      "supplier": "NOASSERTION"
    },
    {
      "name": "xunit.extensibility.core",
      "SPDXID": "SPDXRef-Package-7C6B55EE4B56442FBCD2464438555B206D64F101C54F3D1978F44206853CAE9D",
      "downloadLocation": "NOASSERTION",
      "filesAnalyzed": false,
      "licenseConcluded": "NOASSERTION",
      "licenseInfoFromFiles": [
        "NOASSERTION"
      ],
      "licenseDeclared": "NOASSERTION",
      "copyrightText": "NOASSERTION",
      "versionInfo": "2.4.1",
      "externalRefs": [
        {
          "referenceCategory": "PACKAGE_MANAGER",
          "referenceType": "purl",
          "referenceLocator": "pkg:nuget/xunit.extensibility.core%402.4.1"
        }
      ],
      "supplier": "NOASSERTION"
    },
    {
      "name": "runtime.osx-x64.runtime.native.System.IO.Ports",
      "SPDXID": "SPDXRef-Package-19CA0C77148494234D55A55170FEC41C7865BF9395B1A3A735393406F2EE312F",
      "downloadLocation": "NOASSERTION",
      "filesAnalyzed": false,
      "licenseConcluded": "NOASSERTION",
      "licenseInfoFromFiles": [
        "NOASSERTION"
      ],
      "licenseDeclared": "NOASSERTION",
      "copyrightText": "NOASSERTION",
      "versionInfo": "6.0.0",
      "externalRefs": [
        {
          "referenceCategory": "PACKAGE_MANAGER",
          "referenceType": "purl",
          "referenceLocator": "pkg:nuget/runtime.osx-x64.runtime.native.System.IO.Ports%406.0.0"
        }
      ],
      "supplier": "NOASSERTION"
    },
    {
      "name": "Namotion.Reflection",
      "SPDXID": "SPDXRef-Package-A4ED70596927692C0DC894FE98D747A65D2B69745034E5E67CE3D2ED4958AD57",
      "downloadLocation": "NOASSERTION",
      "filesAnalyzed": false,
      "licenseConcluded": "NOASSERTION",
      "licenseInfoFromFiles": [
        "NOASSERTION"
      ],
      "licenseDeclared": "NOASSERTION",
      "copyrightText": "NOASSERTION",
      "versionInfo": "2.0.3",
      "externalRefs": [
        {
          "referenceCategory": "PACKAGE_MANAGER",
          "referenceType": "purl",
          "referenceLocator": "pkg:nuget/Namotion.Reflection%402.0.3"
        }
      ],
      "supplier": "NOASSERTION"
    },
    {
      "name": "System.Security.Cryptography.Xml",
      "SPDXID": "SPDXRef-Package-25D1868C8869A4EA9B81E71F65713A39FFCF8F3A452E1D8BA7B6702742C8CCFA",
      "downloadLocation": "NOASSERTION",
      "filesAnalyzed": false,
      "licenseConcluded": "NOASSERTION",
      "licenseInfoFromFiles": [
        "NOASSERTION"
      ],
      "licenseDeclared": "NOASSERTION",
      "copyrightText": "NOASSERTION",
      "versionInfo": "6.0.0",
      "externalRefs": [
        {
          "referenceCategory": "PACKAGE_MANAGER",
          "referenceType": "purl",
          "referenceLocator": "pkg:nuget/System.Security.Cryptography.Xml%406.0.0"
        }
      ],
      "supplier": "NOASSERTION"
    },
    {
      "name": "System.Runtime.Caching",
      "SPDXID": "SPDXRef-Package-758E875D90A3181C1A97E8944A1F5A77D5A1BFED1F03888416B6B6AAD3923622",
      "downloadLocation": "NOASSERTION",
      "filesAnalyzed": false,
      "licenseConcluded": "NOASSERTION",
      "licenseInfoFromFiles": [
        "NOASSERTION"
      ],
      "licenseDeclared": "NOASSERTION",
      "copyrightText": "NOASSERTION",
      "versionInfo": "6.0.0",
      "externalRefs": [
        {
          "referenceCategory": "PACKAGE_MANAGER",
          "referenceType": "purl",
          "referenceLocator": "pkg:nuget/System.Runtime.Caching%406.0.0"
        }
      ],
      "supplier": "NOASSERTION"
    },
    {
      "name": "runtime.native.System.Data.SqlClient.sni",
      "SPDXID": "SPDXRef-Package-8F09E3623799A2E64E4FF57DEF6A237D85A41EDC3F272BBA32F57F40E13BC5E4",
      "downloadLocation": "NOASSERTION",
      "filesAnalyzed": false,
      "licenseConcluded": "NOASSERTION",
      "licenseInfoFromFiles": [
        "NOASSERTION"
      ],
      "licenseDeclared": "NOASSERTION",
      "copyrightText": "NOASSERTION",
      "versionInfo": "4.7.0",
      "externalRefs": [
        {
          "referenceCategory": "PACKAGE_MANAGER",
          "referenceType": "purl",
          "referenceLocator": "pkg:nuget/runtime.native.System.Data.SqlClient.sni%404.7.0"
        }
      ],
      "supplier": "NOASSERTION"
    },
    {
      "name": "Microsoft.TestPlatform.ObjectModel",
      "SPDXID": "SPDXRef-Package-16B787BA179E621F007A18975175DC20EB630D1A2690257AF3A1F10C66BCE5A8",
      "downloadLocation": "NOASSERTION",
      "filesAnalyzed": false,
      "licenseConcluded": "NOASSERTION",
      "licenseInfoFromFiles": [
        "NOASSERTION"
      ],
      "licenseDeclared": "NOASSERTION",
      "copyrightText": "NOASSERTION",
      "versionInfo": "16.7.1",
      "externalRefs": [
        {
          "referenceCategory": "PACKAGE_MANAGER",
          "referenceType": "purl",
          "referenceLocator": "pkg:nuget/Microsoft.TestPlatform.ObjectModel%4016.7.1"
        }
      ],
      "supplier": "NOASSERTION"
    },
    {
      "name": "Microsoft.TestPlatform.TestHost",
      "SPDXID": "SPDXRef-Package-7871C7E0656ED9F3930E9FB0F478C3D9351624C95F485E9D3610CB39C3D64849",
      "downloadLocation": "NOASSERTION",
      "filesAnalyzed": false,
      "licenseConcluded": "NOASSERTION",
      "licenseInfoFromFiles": [
        "NOASSERTION"
      ],
      "licenseDeclared": "NOASSERTION",
      "copyrightText": "NOASSERTION",
      "versionInfo": "16.7.1",
      "externalRefs": [
        {
          "referenceCategory": "PACKAGE_MANAGER",
          "referenceType": "purl",
          "referenceLocator": "pkg:nuget/Microsoft.TestPlatform.TestHost%4016.7.1"
        }
      ],
      "supplier": "NOASSERTION"
    },
    {
      "name": "System.Data.Odbc",
      "SPDXID": "SPDXRef-Package-7F80ABFB8E39FEAACDF036C28D70A9512B0FA8DFC6611DFCB8677381D45E3732",
      "downloadLocation": "NOASSERTION",
      "filesAnalyzed": false,
      "licenseConcluded": "NOASSERTION",
      "licenseInfoFromFiles": [
        "NOASSERTION"
      ],
      "licenseDeclared": "NOASSERTION",
      "copyrightText": "NOASSERTION",
      "versionInfo": "6.0.0",
      "externalRefs": [
        {
          "referenceCategory": "PACKAGE_MANAGER",
          "referenceType": "purl",
          "referenceLocator": "pkg:nuget/System.Data.Odbc%406.0.0"
        }
      ],
      "supplier": "NOASSERTION"
    },
    {
      "name": "System.Data.DataSetExtensions",
      "SPDXID": "SPDXRef-Package-7413982B3907F73C1A27CD4AA8D4C96013F1059C26AE56C49E9FB6E7C72FAE03",
      "downloadLocation": "NOASSERTION",
      "filesAnalyzed": false,
      "licenseConcluded": "NOASSERTION",
      "licenseInfoFromFiles": [
        "NOASSERTION"
      ],
      "licenseDeclared": "NOASSERTION",
      "copyrightText": "NOASSERTION",
      "versionInfo": "4.5.0",
      "externalRefs": [
        {
          "referenceCategory": "PACKAGE_MANAGER",
          "referenceType": "purl",
          "referenceLocator": "pkg:nuget/System.Data.DataSetExtensions%404.5.0"
        }
      ],
      "supplier": "NOASSERTION"
    },
    {
      "name": "xunit.core",
      "SPDXID": "SPDXRef-Package-429CF682E768A138E446B14D669C7FC0B5B52CC5A4E7E7B5F50E857C22E8552E",
      "downloadLocation": "NOASSERTION",
      "filesAnalyzed": false,
      "licenseConcluded": "NOASSERTION",
      "licenseInfoFromFiles": [
        "NOASSERTION"
      ],
      "licenseDeclared": "NOASSERTION",
      "copyrightText": "NOASSERTION",
      "versionInfo": "2.4.1",
      "externalRefs": [
        {
          "referenceCategory": "PACKAGE_MANAGER",
          "referenceType": "purl",
          "referenceLocator": "pkg:nuget/xunit.core%402.4.1"
        }
      ],
      "supplier": "NOASSERTION"
    },
    {
      "name": "Newtonsoft.Json",
      "SPDXID": "SPDXRef-Package-1EA0B2E1B38E40C3C6B7FA9BD9612C2B7522C6B2FFF2F748096E3089E36B67F7",
      "downloadLocation": "NOASSERTION",
      "filesAnalyzed": false,
      "licenseConcluded": "NOASSERTION",
      "licenseInfoFromFiles": [
        "NOASSERTION"
      ],
      "licenseDeclared": "NOASSERTION",
      "copyrightText": "NOASSERTION",
      "versionInfo": "13.0.1",
      "externalRefs": [
        {
          "referenceCategory": "PACKAGE_MANAGER",
          "referenceType": "purl",
          "referenceLocator": "pkg:nuget/Newtonsoft.Json%4013.0.1"
        }
      ],
      "supplier": "NOASSERTION"
    },
    {
      "name": "System.ServiceModel.Syndication",
      "SPDXID": "SPDXRef-Package-02F60AE5E11530F509E27E905798C2D62684872B6821DBDD925BBA8A29A81FCF",
      "downloadLocation": "NOASSERTION",
      "filesAnalyzed": false,
      "licenseConcluded": "NOASSERTION",
      "licenseInfoFromFiles": [
        "NOASSERTION"
      ],
      "licenseDeclared": "NOASSERTION",
      "copyrightText": "NOASSERTION",
      "versionInfo": "6.0.0",
      "externalRefs": [
        {
          "referenceCategory": "PACKAGE_MANAGER",
          "referenceType": "purl",
          "referenceLocator": "pkg:nuget/System.ServiceModel.Syndication%406.0.0"
        }
      ],
      "supplier": "NOASSERTION"
    },
    {
      "name": "xunit.assert",
      "SPDXID": "SPDXRef-Package-FCB962BC93D668E47AF2562460632C3CCE57590979A187057C6A97B4C326C684",
      "downloadLocation": "NOASSERTION",
      "filesAnalyzed": false,
      "licenseConcluded": "NOASSERTION",
      "licenseInfoFromFiles": [
        "NOASSERTION"
      ],
      "licenseDeclared": "NOASSERTION",
      "copyrightText": "NOASSERTION",
      "versionInfo": "2.4.1",
      "externalRefs": [
        {
          "referenceCategory": "PACKAGE_MANAGER",
          "referenceType": "purl",
          "referenceLocator": "pkg:nuget/xunit.assert%402.4.1"
        }
      ],
      "supplier": "NOASSERTION"
    },
    {
      "name": "xunit.abstractions",
      "SPDXID": "SPDXRef-Package-9B0E123FE6BCB069AB572C32EFE28EEAC150B7A0DD5D0CEAD4E268EB3F3698B8",
      "downloadLocation": "NOASSERTION",
      "filesAnalyzed": false,
      "licenseConcluded": "NOASSERTION",
      "licenseInfoFromFiles": [
        "NOASSERTION"
      ],
      "licenseDeclared": "NOASSERTION",
      "copyrightText": "NOASSERTION",
      "versionInfo": "2.0.3",
      "externalRefs": [
        {
          "referenceCategory": "PACKAGE_MANAGER",
          "referenceType": "purl",
          "referenceLocator": "pkg:nuget/xunit.abstractions%402.0.3"
        }
      ],
      "supplier": "NOASSERTION"
    },
    {
      "name": "PowerShellStandard.Library",
      "SPDXID": "SPDXRef-Package-86AA1B56390864E8B1EACD18CA563CA781C10CF42B9329932B33EA6C630A9E0B",
      "downloadLocation": "NOASSERTION",
      "filesAnalyzed": false,
      "licenseConcluded": "NOASSERTION",
      "licenseInfoFromFiles": [
        "NOASSERTION"
      ],
      "licenseDeclared": "NOASSERTION",
      "copyrightText": "NOASSERTION",
      "versionInfo": "5.1.0",
      "externalRefs": [
        {
          "referenceCategory": "PACKAGE_MANAGER",
          "referenceType": "purl",
          "referenceLocator": "pkg:nuget/PowerShellStandard.Library%405.1.0"
        }
      ],
      "supplier": "NOASSERTION"
    },
    {
      "name": "runtime.linux-arm.runtime.native.System.IO.Ports",
      "SPDXID": "SPDXRef-Package-2635DCAAE054E2AD1BADC1AE332157E47C42423F06777282E77387897EC53B69",
      "downloadLocation": "NOASSERTION",
      "filesAnalyzed": false,
      "licenseConcluded": "NOASSERTION",
      "licenseInfoFromFiles": [
        "NOASSERTION"
      ],
      "licenseDeclared": "NOASSERTION",
      "copyrightText": "NOASSERTION",
      "versionInfo": "6.0.0",
      "externalRefs": [
        {
          "referenceCategory": "PACKAGE_MANAGER",
          "referenceType": "purl",
          "referenceLocator": "pkg:nuget/runtime.linux-arm.runtime.native.System.IO.Ports%406.0.0"
        }
      ],
      "supplier": "NOASSERTION"
    },
    {
      "name": "System.IO.Ports",
      "SPDXID": "SPDXRef-Package-FF9C2EF8F449E1B698DAC0FA41040220FD924192F404553D7FF1300B07F30B28",
      "downloadLocation": "NOASSERTION",
      "filesAnalyzed": false,
      "licenseConcluded": "NOASSERTION",
      "licenseInfoFromFiles": [
        "NOASSERTION"
      ],
      "licenseDeclared": "NOASSERTION",
      "copyrightText": "NOASSERTION",
      "versionInfo": "6.0.0",
      "externalRefs": [
        {
          "referenceCategory": "PACKAGE_MANAGER",
          "referenceType": "purl",
          "referenceLocator": "pkg:nuget/System.IO.Ports%406.0.0"
        }
      ],
      "supplier": "NOASSERTION"
    },
    {
      "name": "runtime.win-x86.runtime.native.System.Data.SqlClient.sni",
      "SPDXID": "SPDXRef-Package-F6845F0E12D15B8C684E7ED04ACDA2623257D5D6B9669244B71767D819326FB5",
      "downloadLocation": "NOASSERTION",
      "filesAnalyzed": false,
      "licenseConcluded": "NOASSERTION",
      "licenseInfoFromFiles": [
        "NOASSERTION"
      ],
      "licenseDeclared": "NOASSERTION",
      "copyrightText": "NOASSERTION",
      "versionInfo": "4.4.0",
      "externalRefs": [
        {
          "referenceCategory": "PACKAGE_MANAGER",
          "referenceType": "purl",
          "referenceLocator": "pkg:nuget/runtime.win-x86.runtime.native.System.Data.SqlClient.sni%404.4.0"
        }
      ],
      "supplier": "NOASSERTION"
    },
    {
      "name": "Microsoft.ApplicationInsights",
      "SPDXID": "SPDXRef-Package-94212A3C6AA57D2240E1BB24F3F8760982FD1EE04B75B7AD5EBAE7D8FC32AB1D",
      "downloadLocation": "NOASSERTION",
      "filesAnalyzed": false,
      "licenseConcluded": "NOASSERTION",
      "licenseInfoFromFiles": [
        "NOASSERTION"
      ],
      "licenseDeclared": "NOASSERTION",
      "copyrightText": "NOASSERTION",
      "versionInfo": "2.18.0",
      "externalRefs": [
        {
          "referenceCategory": "PACKAGE_MANAGER",
          "referenceType": "purl",
          "referenceLocator": "pkg:nuget/Microsoft.ApplicationInsights%402.18.0"
        }
      ],
      "supplier": "NOASSERTION"
    },
    {
      "name": "xunit.analyzers",
      "SPDXID": "SPDXRef-Package-061682D087B7C7B63F0E6E8609C7282033C90A7F6E6CF20376FF93B408EAC1E1",
      "downloadLocation": "NOASSERTION",
      "filesAnalyzed": false,
      "licenseConcluded": "NOASSERTION",
      "licenseInfoFromFiles": [
        "NOASSERTION"
      ],
      "licenseDeclared": "NOASSERTION",
      "copyrightText": "NOASSERTION",
      "versionInfo": "0.10.0",
      "externalRefs": [
        {
          "referenceCategory": "PACKAGE_MANAGER",
          "referenceType": "purl",
          "referenceLocator": "pkg:nuget/xunit.analyzers%400.10.0"
        }
      ],
      "supplier": "NOASSERTION"
    },
    {
      "name": "System.Data.SqlClient",
      "SPDXID": "SPDXRef-Package-2EA2CB26760AB383C5557F5E871539BA17DB10ADDBEDEDA27041F9D1B2C201D9",
      "downloadLocation": "NOASSERTION",
      "filesAnalyzed": false,
      "licenseConcluded": "NOASSERTION",
      "licenseInfoFromFiles": [
        "NOASSERTION"
      ],
      "licenseDeclared": "NOASSERTION",
      "copyrightText": "NOASSERTION",
      "versionInfo": "4.8.3",
      "externalRefs": [
        {
          "referenceCategory": "PACKAGE_MANAGER",
          "referenceType": "purl",
          "referenceLocator": "pkg:nuget/System.Data.SqlClient%404.8.3"
        }
      ],
      "supplier": "NOASSERTION"
    },
    {
      "name": "NJsonSchema",
      "SPDXID": "SPDXRef-Package-5FED312E4DD45DF9D46612210232B8B4203B261187E235EEE741ACF794327D7A",
      "downloadLocation": "NOASSERTION",
      "filesAnalyzed": false,
      "licenseConcluded": "NOASSERTION",
      "licenseInfoFromFiles": [
        "NOASSERTION"
      ],
      "licenseDeclared": "NOASSERTION",
      "copyrightText": "NOASSERTION",
      "versionInfo": "10.5.2",
      "externalRefs": [
        {
          "referenceCategory": "PACKAGE_MANAGER",
          "referenceType": "purl",
          "referenceLocator": "pkg:nuget/NJsonSchema%4010.5.2"
        }
      ],
      "supplier": "NOASSERTION"
    },
    {
      "name": "Microsoft.Win32.Registry.AccessControl",
      "SPDXID": "SPDXRef-Package-E6A4300EA97A2C40D46F7C97424D148E91295043873968C54768B9A777912613",
      "downloadLocation": "NOASSERTION",
      "filesAnalyzed": false,
      "licenseConcluded": "NOASSERTION",
      "licenseInfoFromFiles": [
        "NOASSERTION"
      ],
      "licenseDeclared": "NOASSERTION",
      "copyrightText": "NOASSERTION",
      "versionInfo": "6.0.0",
      "externalRefs": [
        {
          "referenceCategory": "PACKAGE_MANAGER",
          "referenceType": "purl",
          "referenceLocator": "pkg:nuget/Microsoft.Win32.Registry.AccessControl%406.0.0"
        }
      ],
      "supplier": "NOASSERTION"
    },
    {
      "name": "System.DirectoryServices.Protocols",
      "SPDXID": "SPDXRef-Package-BB7AB631D2EDEB9D341C3D31171372812CE8A9D5CABB677047A555FDC48D1917",
      "downloadLocation": "NOASSERTION",
      "filesAnalyzed": false,
      "licenseConcluded": "NOASSERTION",
      "licenseInfoFromFiles": [
        "NOASSERTION"
      ],
      "licenseDeclared": "NOASSERTION",
      "copyrightText": "NOASSERTION",
      "versionInfo": "6.0.0",
      "externalRefs": [
        {
          "referenceCategory": "PACKAGE_MANAGER",
          "referenceType": "purl",
          "referenceLocator": "pkg:nuget/System.DirectoryServices.Protocols%406.0.0"
        }
      ],
      "supplier": "NOASSERTION"
    },
    {
      "name": "System.Security.Cryptography.ProtectedData",
      "SPDXID": "SPDXRef-Package-BEDB46E86B11CE247DE4591A60C40F39F11C6BC68EA897CDB2250769C8ADEA6D",
      "downloadLocation": "NOASSERTION",
      "filesAnalyzed": false,
      "licenseConcluded": "NOASSERTION",
      "licenseInfoFromFiles": [
        "NOASSERTION"
      ],
      "licenseDeclared": "NOASSERTION",
      "copyrightText": "NOASSERTION",
      "versionInfo": "6.0.0",
      "externalRefs": [
        {
          "referenceCategory": "PACKAGE_MANAGER",
          "referenceType": "purl",
          "referenceLocator": "pkg:nuget/System.Security.Cryptography.ProtectedData%406.0.0"
        }
      ],
      "supplier": "NOASSERTION"
    },
    {
      "name": "Xunit.SkippableFact",
      "SPDXID": "SPDXRef-Package-6F044A618720FCD93064309392D7BE252DF7BCF0829A82563B81B08C35022952",
      "downloadLocation": "NOASSERTION",
      "filesAnalyzed": false,
      "licenseConcluded": "NOASSERTION",
      "licenseInfoFromFiles": [
        "NOASSERTION"
      ],
      "licenseDeclared": "NOASSERTION",
      "copyrightText": "NOASSERTION",
      "versionInfo": "1.4.13",
      "externalRefs": [
        {
          "referenceCategory": "PACKAGE_MANAGER",
          "referenceType": "purl",
          "referenceLocator": "pkg:nuget/Xunit.SkippableFact%401.4.13"
        }
      ],
      "supplier": "NOASSERTION"
    },
    {
      "name": "System.Drawing.Common",
      "SPDXID": "SPDXRef-Package-84A18AEF3506E0D07D9F524560A735C6920A462EB3018D01BEFFD47D08AF8BD6",
      "downloadLocation": "NOASSERTION",
      "filesAnalyzed": false,
      "licenseConcluded": "NOASSERTION",
      "licenseInfoFromFiles": [
        "NOASSERTION"
      ],
      "licenseDeclared": "NOASSERTION",
      "copyrightText": "NOASSERTION",
      "versionInfo": "6.0.0",
      "externalRefs": [
        {
          "referenceCategory": "PACKAGE_MANAGER",
          "referenceType": "purl",
          "referenceLocator": "pkg:nuget/System.Drawing.Common%406.0.0"
        }
      ],
      "supplier": "NOASSERTION"
    },
    {
      "name": "System.Text.Encodings.Web",
      "SPDXID": "SPDXRef-Package-E3A100184632849E130C5747D45F94F309C099D927D3D65DC6FE4AE88E21EFCF",
      "downloadLocation": "NOASSERTION",
      "filesAnalyzed": false,
      "licenseConcluded": "NOASSERTION",
      "licenseInfoFromFiles": [
        "NOASSERTION"
      ],
      "licenseDeclared": "NOASSERTION",
      "copyrightText": "NOASSERTION",
      "versionInfo": "6.0.0",
      "externalRefs": [
        {
          "referenceCategory": "PACKAGE_MANAGER",
          "referenceType": "purl",
          "referenceLocator": "pkg:nuget/System.Text.Encodings.Web%406.0.0"
        }
      ],
      "supplier": "NOASSERTION"
    },
    {
      "name": "Microsoft.PowerShell.Security",
      "SPDXID": "SPDXRef-Package-9751E94802D70B187A6B30E30C34D8B26FB55973D9C97FA375C266DD58B0628B",
      "downloadLocation": "NOASSERTION",
      "filesAnalyzed": false,
      "licenseConcluded": "NOASSERTION",
      "licenseInfoFromFiles": [
        "NOASSERTION"
      ],
      "licenseDeclared": "NOASSERTION",
      "copyrightText": "NOASSERTION",
      "versionInfo": "7.2.0",
      "externalRefs": [
        {
          "referenceCategory": "PACKAGE_MANAGER",
          "referenceType": "purl",
          "referenceLocator": "pkg:nuget/Microsoft.PowerShell.Security%407.2.0"
        }
      ],
      "supplier": "NOASSERTION"
    },
    {
      "name": "System.DirectoryServices",
      "SPDXID": "SPDXRef-Package-AAD903BDED8F0299A98D93C15EBE7FB94DD7845A2595D27DE90F6244C3541068",
      "downloadLocation": "NOASSERTION",
      "filesAnalyzed": false,
      "licenseConcluded": "NOASSERTION",
      "licenseInfoFromFiles": [
        "NOASSERTION"
      ],
      "licenseDeclared": "NOASSERTION",
      "copyrightText": "NOASSERTION",
      "versionInfo": "6.0.0",
      "externalRefs": [
        {
          "referenceCategory": "PACKAGE_MANAGER",
          "referenceType": "purl",
          "referenceLocator": "pkg:nuget/System.DirectoryServices%406.0.0"
        }
      ],
      "supplier": "NOASSERTION"
    },
    {
      "name": "Microsoft.PowerShell.Pager",
      "SPDXID": "SPDXRef-Package-D97AC2CEE21FC6DD45F624C9C73841ABCB5C9D49ED5AC708ECEF549F4E44A6DF",
      "downloadLocation": "NOASSERTION",
      "filesAnalyzed": false,
      "licenseConcluded": "NOASSERTION",
      "licenseInfoFromFiles": [
        "NOASSERTION"
      ],
      "licenseDeclared": "NOASSERTION",
      "copyrightText": "NOASSERTION",
      "versionInfo": "1.0.0",
      "externalRefs": [
        {
          "referenceCategory": "PACKAGE_MANAGER",
          "referenceType": "purl",
          "referenceLocator": "pkg:nuget/Microsoft.PowerShell.Pager%401.0.0"
        }
      ],
      "supplier": "NOASSERTION"
    },
    {
      "name": "Unknown",
      "SPDXID": "SPDXRef-RootPackage",
      "downloadLocation": "NOASSERTION",
      "packageVerificationCode": {
        "packageVerificationCodeValue": "bf1036366e26526881c4802c4eec51a2666f8a6f"
      },
      "filesAnalyzed": true,
      "licenseConcluded": "NOASSERTION",
      "licenseInfoFromFiles": [
        "NOASSERTION"
      ],
      "licenseDeclared": "NOASSERTION",
      "copyrightText": "NOASSERTION",
      "versionInfo": "0.0.0",
      "supplier": "Organization: Microsoft",
      "hasFiles": [
        "SPDXRef-File--net462-Microsoft.PowerShell.PSReadLine.Polyfiller.dll-39C2494655EF84B009433C3A658C979D359A6634",
        "SPDXRef-File--License.txt-8BDED9DC168F35DAE2E5249E92EBC40F12463AF3",
        "SPDXRef-File--SamplePSReadLineProfile.ps1-B152F6636627C5B201823DB124FFAD1216BD1250",
        "SPDXRef-File--PSReadLine.psm1-28BB0A9919DD952B4C801AFDAC5B2E7354AAC5E5",
        "SPDXRef-File--PSReadLine.psd1-49B054E35E82D0A16C8BAD623EFDA89FC4B83E2B",
        "SPDXRef-File--PSReadLine.format.ps1xml-529A9E137DBE9746BF2776CE5C34D4D564811524",
        "SPDXRef-File--Microsoft.PowerShell.PSReadLine2.dll-474FDA3AD6914F27826328C49D5363BAB3831BD4",
        "SPDXRef-File--net6plus-Microsoft.PowerShell.PSReadLine.Polyfiller.dll-19682640ABD6DBD2A67E424E76A15C6DD6744162",
        "SPDXRef-File--Microsoft.PowerShell.Pager.dll-127329A2AADB37ED3F0ADA1E99A7F09D7C8E289B",
        "SPDXRef-File--System.Runtime.InteropServices.RuntimeInformation.dll-76B0B6E65E38A90A4ECDB3F6DFE16D5A803081E9",
        "SPDXRef-File--Changes.txt-84DA44288F0957BDB42AAA52649FB6157629FC55"
      ]
    }
  ],
  "externalDocumentRefs": [],
  "relationships": [
    {
      "relationshipType": "DESCRIBES",
      "relatedSpdxElement": "SPDXRef-RootPackage",
      "spdxElementId": "SPDXRef-DOCUMENT"
    },
    {
      "relationshipType": "DEPENDS_ON",
      "relatedSpdxElement": "SPDXRef-Package-D97AC2CEE21FC6DD45F624C9C73841ABCB5C9D49ED5AC708ECEF549F4E44A6DF",
      "spdxElementId": "SPDXRef-RootPackage"
    },
    {
      "relationshipType": "DEPENDS_ON",
      "relatedSpdxElement": "SPDXRef-Package-AAD903BDED8F0299A98D93C15EBE7FB94DD7845A2595D27DE90F6244C3541068",
      "spdxElementId": "SPDXRef-RootPackage"
    },
    {
      "relationshipType": "DEPENDS_ON",
      "relatedSpdxElement": "SPDXRef-Package-9751E94802D70B187A6B30E30C34D8B26FB55973D9C97FA375C266DD58B0628B",
      "spdxElementId": "SPDXRef-RootPackage"
    },
    {
      "relationshipType": "DEPENDS_ON",
      "relatedSpdxElement": "SPDXRef-Package-E3A100184632849E130C5747D45F94F309C099D927D3D65DC6FE4AE88E21EFCF",
      "spdxElementId": "SPDXRef-RootPackage"
    },
    {
      "relationshipType": "DEPENDS_ON",
      "relatedSpdxElement": "SPDXRef-Package-84A18AEF3506E0D07D9F524560A735C6920A462EB3018D01BEFFD47D08AF8BD6",
      "spdxElementId": "SPDXRef-RootPackage"
    },
    {
      "relationshipType": "DEPENDS_ON",
      "relatedSpdxElement": "SPDXRef-Package-6F044A618720FCD93064309392D7BE252DF7BCF0829A82563B81B08C35022952",
      "spdxElementId": "SPDXRef-RootPackage"
    },
    {
      "relationshipType": "DEPENDS_ON",
      "relatedSpdxElement": "SPDXRef-Package-BEDB46E86B11CE247DE4591A60C40F39F11C6BC68EA897CDB2250769C8ADEA6D",
      "spdxElementId": "SPDXRef-RootPackage"
    },
    {
      "relationshipType": "DEPENDS_ON",
      "relatedSpdxElement": "SPDXRef-Package-BB7AB631D2EDEB9D341C3D31171372812CE8A9D5CABB677047A555FDC48D1917",
      "spdxElementId": "SPDXRef-RootPackage"
    },
    {
      "relationshipType": "DEPENDS_ON",
      "relatedSpdxElement": "SPDXRef-Package-E6A4300EA97A2C40D46F7C97424D148E91295043873968C54768B9A777912613",
      "spdxElementId": "SPDXRef-RootPackage"
    },
    {
      "relationshipType": "DEPENDS_ON",
      "relatedSpdxElement": "SPDXRef-Package-5FED312E4DD45DF9D46612210232B8B4203B261187E235EEE741ACF794327D7A",
      "spdxElementId": "SPDXRef-RootPackage"
    },
    {
      "relationshipType": "DEPENDS_ON",
      "relatedSpdxElement": "SPDXRef-Package-2EA2CB26760AB383C5557F5E871539BA17DB10ADDBEDEDA27041F9D1B2C201D9",
      "spdxElementId": "SPDXRef-RootPackage"
    },
    {
      "relationshipType": "DEPENDS_ON",
      "relatedSpdxElement": "SPDXRef-Package-061682D087B7C7B63F0E6E8609C7282033C90A7F6E6CF20376FF93B408EAC1E1",
      "spdxElementId": "SPDXRef-RootPackage"
    },
    {
      "relationshipType": "DEPENDS_ON",
      "relatedSpdxElement": "SPDXRef-Package-94212A3C6AA57D2240E1BB24F3F8760982FD1EE04B75B7AD5EBAE7D8FC32AB1D",
      "spdxElementId": "SPDXRef-RootPackage"
    },
    {
      "relationshipType": "DEPENDS_ON",
      "relatedSpdxElement": "SPDXRef-Package-F6845F0E12D15B8C684E7ED04ACDA2623257D5D6B9669244B71767D819326FB5",
      "spdxElementId": "SPDXRef-RootPackage"
    },
    {
      "relationshipType": "DEPENDS_ON",
      "relatedSpdxElement": "SPDXRef-Package-FF9C2EF8F449E1B698DAC0FA41040220FD924192F404553D7FF1300B07F30B28",
      "spdxElementId": "SPDXRef-RootPackage"
    },
    {
      "relationshipType": "DEPENDS_ON",
      "relatedSpdxElement": "SPDXRef-Package-2635DCAAE054E2AD1BADC1AE332157E47C42423F06777282E77387897EC53B69",
      "spdxElementId": "SPDXRef-RootPackage"
    },
    {
      "relationshipType": "DEPENDS_ON",
      "relatedSpdxElement": "SPDXRef-Package-86AA1B56390864E8B1EACD18CA563CA781C10CF42B9329932B33EA6C630A9E0B",
      "spdxElementId": "SPDXRef-RootPackage"
    },
    {
      "relationshipType": "DEPENDS_ON",
      "relatedSpdxElement": "SPDXRef-Package-9B0E123FE6BCB069AB572C32EFE28EEAC150B7A0DD5D0CEAD4E268EB3F3698B8",
      "spdxElementId": "SPDXRef-RootPackage"
    },
    {
      "relationshipType": "DEPENDS_ON",
      "relatedSpdxElement": "SPDXRef-Package-FCB962BC93D668E47AF2562460632C3CCE57590979A187057C6A97B4C326C684",
      "spdxElementId": "SPDXRef-RootPackage"
    },
    {
      "relationshipType": "DEPENDS_ON",
      "relatedSpdxElement": "SPDXRef-Package-02F60AE5E11530F509E27E905798C2D62684872B6821DBDD925BBA8A29A81FCF",
      "spdxElementId": "SPDXRef-RootPackage"
    },
    {
      "relationshipType": "DEPENDS_ON",
      "relatedSpdxElement": "SPDXRef-Package-1EA0B2E1B38E40C3C6B7FA9BD9612C2B7522C6B2FFF2F748096E3089E36B67F7",
      "spdxElementId": "SPDXRef-RootPackage"
    },
    {
      "relationshipType": "DEPENDS_ON",
      "relatedSpdxElement": "SPDXRef-Package-429CF682E768A138E446B14D669C7FC0B5B52CC5A4E7E7B5F50E857C22E8552E",
      "spdxElementId": "SPDXRef-RootPackage"
    },
    {
      "relationshipType": "DEPENDS_ON",
      "relatedSpdxElement": "SPDXRef-Package-7413982B3907F73C1A27CD4AA8D4C96013F1059C26AE56C49E9FB6E7C72FAE03",
      "spdxElementId": "SPDXRef-RootPackage"
    },
    {
      "relationshipType": "DEPENDS_ON",
      "relatedSpdxElement": "SPDXRef-Package-7F80ABFB8E39FEAACDF036C28D70A9512B0FA8DFC6611DFCB8677381D45E3732",
      "spdxElementId": "SPDXRef-RootPackage"
    },
    {
      "relationshipType": "DEPENDS_ON",
      "relatedSpdxElement": "SPDXRef-Package-7871C7E0656ED9F3930E9FB0F478C3D9351624C95F485E9D3610CB39C3D64849",
      "spdxElementId": "SPDXRef-RootPackage"
    },
    {
      "relationshipType": "DEPENDS_ON",
      "relatedSpdxElement": "SPDXRef-Package-16B787BA179E621F007A18975175DC20EB630D1A2690257AF3A1F10C66BCE5A8",
      "spdxElementId": "SPDXRef-RootPackage"
    },
    {
      "relationshipType": "DEPENDS_ON",
      "relatedSpdxElement": "SPDXRef-Package-8F09E3623799A2E64E4FF57DEF6A237D85A41EDC3F272BBA32F57F40E13BC5E4",
      "spdxElementId": "SPDXRef-RootPackage"
    },
    {
      "relationshipType": "DEPENDS_ON",
      "relatedSpdxElement": "SPDXRef-Package-758E875D90A3181C1A97E8944A1F5A77D5A1BFED1F03888416B6B6AAD3923622",
      "spdxElementId": "SPDXRef-RootPackage"
    },
    {
      "relationshipType": "DEPENDS_ON",
      "relatedSpdxElement": "SPDXRef-Package-25D1868C8869A4EA9B81E71F65713A39FFCF8F3A452E1D8BA7B6702742C8CCFA",
      "spdxElementId": "SPDXRef-RootPackage"
    },
    {
      "relationshipType": "DEPENDS_ON",
      "relatedSpdxElement": "SPDXRef-Package-A4ED70596927692C0DC894FE98D747A65D2B69745034E5E67CE3D2ED4958AD57",
      "spdxElementId": "SPDXRef-RootPackage"
    },
    {
      "relationshipType": "DEPENDS_ON",
      "relatedSpdxElement": "SPDXRef-Package-19CA0C77148494234D55A55170FEC41C7865BF9395B1A3A735393406F2EE312F",
      "spdxElementId": "SPDXRef-RootPackage"
    },
    {
      "relationshipType": "DEPENDS_ON",
      "relatedSpdxElement": "SPDXRef-Package-7C6B55EE4B56442FBCD2464438555B206D64F101C54F3D1978F44206853CAE9D",
      "spdxElementId": "SPDXRef-RootPackage"
    },
    {
      "relationshipType": "DEPENDS_ON",
      "relatedSpdxElement": "SPDXRef-Package-3DD2D387BBDA6EF53F1E2FEA5D609D45882D95B0E64310E234B8858067E6F74D",
      "spdxElementId": "SPDXRef-RootPackage"
    },
    {
      "relationshipType": "DEPENDS_ON",
      "relatedSpdxElement": "SPDXRef-Package-2BD5D3A17A4DB2202EE8DD42CAFC9FE043E6092504DB6ABC78B9FCABD2B72A00",
      "spdxElementId": "SPDXRef-RootPackage"
    },
    {
      "relationshipType": "DEPENDS_ON",
      "relatedSpdxElement": "SPDXRef-Package-31EDF42FA1D8E328E83E9DB70280B9A6584E27C628C4B9734FE03F85269FDB41",
      "spdxElementId": "SPDXRef-RootPackage"
    },
    {
      "relationshipType": "DEPENDS_ON",
      "relatedSpdxElement": "SPDXRef-Package-0F28DC085839F16FE2222F74BDA800F9B801E647F6520C9F819F3196FC4DD838",
      "spdxElementId": "SPDXRef-RootPackage"
    },
    {
      "relationshipType": "DEPENDS_ON",
      "relatedSpdxElement": "SPDXRef-Package-3E77807FD78D01056DB1152C15E703716E0943DEF0F5A369B0667F5913785AD5",
      "spdxElementId": "SPDXRef-RootPackage"
    },
    {
      "relationshipType": "DEPENDS_ON",
      "relatedSpdxElement": "SPDXRef-Package-34BA73B9883E2C67FB9A587C5BFABC034ED13E40174273C152B63846E0BD16AF",
      "spdxElementId": "SPDXRef-RootPackage"
    },
    {
      "relationshipType": "DEPENDS_ON",
      "relatedSpdxElement": "SPDXRef-Package-7D326B5A8CD868653D137D73BA0389A6A8025AD5AF2967A83B6B50B516FD7038",
      "spdxElementId": "SPDXRef-RootPackage"
    },
    {
      "relationshipType": "DEPENDS_ON",
      "relatedSpdxElement": "SPDXRef-Package-2A9E8582B673D641356B384C3FEC0B11CC0C79464B15B0E8DF861DFE3CFA0908",
      "spdxElementId": "SPDXRef-RootPackage"
    },
    {
      "relationshipType": "DEPENDS_ON",
      "relatedSpdxElement": "SPDXRef-Package-D211DF4C5D378775580D6FBA1604D9FBFA3812862391BEC5E3489F0CECD1B1A0",
      "spdxElementId": "SPDXRef-RootPackage"
    },
    {
      "relationshipType": "DEPENDS_ON",
      "relatedSpdxElement": "SPDXRef-Package-0F1DD1BB597A489032660E4B5B3401F30B9410E2DD0417590DA336820EA72D29",
      "spdxElementId": "SPDXRef-RootPackage"
    },
    {
      "relationshipType": "DEPENDS_ON",
      "relatedSpdxElement": "SPDXRef-Package-FE8BAD74A1378EC1357F18D449B0CE6ECBF9FFEEC2966E886F85CFA66C6E6F39",
      "spdxElementId": "SPDXRef-RootPackage"
    },
    {
      "relationshipType": "DEPENDS_ON",
      "relatedSpdxElement": "SPDXRef-Package-90FFB180A15EDB2C7818D0A6BBF4AF83A59E037D84E6EDA0D6037B9BCAC80066",
      "spdxElementId": "SPDXRef-RootPackage"
    },
    {
      "relationshipType": "DEPENDS_ON",
      "relatedSpdxElement": "SPDXRef-Package-912B04C776374167E8F88EAA2C7702B46BEE2E20E428F4F3242D4DC2DE018FDB",
      "spdxElementId": "SPDXRef-RootPackage"
    },
    {
      "relationshipType": "DEPENDS_ON",
      "relatedSpdxElement": "SPDXRef-Package-A7A3A04FFF79FC9845CDB964933FD5CBE78B8826EE86F2A8605A04E9DBA7D0E9",
      "spdxElementId": "SPDXRef-RootPackage"
    },
    {
      "relationshipType": "DEPENDS_ON",
      "relatedSpdxElement": "SPDXRef-Package-166BD93CF6EB8E23471933D4F506D10AEE0ADF4E8EDE160F299F9850ED61EC10",
      "spdxElementId": "SPDXRef-RootPackage"
    },
    {
      "relationshipType": "DEPENDS_ON",
      "relatedSpdxElement": "SPDXRef-Package-4CA26BADD18BC7B5C3A46075D8709A91FADC9E5E2A36A2A92AB6BE59AD3CACA2",
      "spdxElementId": "SPDXRef-RootPackage"
    },
    {
      "relationshipType": "DEPENDS_ON",
      "relatedSpdxElement": "SPDXRef-Package-08332A81CA715178A93363E5F454A8694E0E0C553DE4EB12F6B2732EB7126440",
      "spdxElementId": "SPDXRef-RootPackage"
    },
    {
      "relationshipType": "DEPENDS_ON",
      "relatedSpdxElement": "SPDXRef-Package-6EA757BA0F8D2A7DB7AAF12BA27E64286F4D52DFFDFB0470069A37C28BD42AC3",
      "spdxElementId": "SPDXRef-RootPackage"
    },
    {
      "relationshipType": "DEPENDS_ON",
      "relatedSpdxElement": "SPDXRef-Package-A77828D63DFDE4FBA9DD3978643F4BF92C656676B1EC9134FCA04EBA007F8DB9",
      "spdxElementId": "SPDXRef-RootPackage"
    },
    {
      "relationshipType": "DEPENDS_ON",
      "relatedSpdxElement": "SPDXRef-Package-6B21985040F057EE5C7CC988854C5869CA0B5AF5D6620B27979F7BD62EC15E62",
      "spdxElementId": "SPDXRef-RootPackage"
    },
    {
      "relationshipType": "DEPENDS_ON",
      "relatedSpdxElement": "SPDXRef-Package-BB1164BDA5D90D88D29370918A735494F59D8A0E267ADEEA66065BDB4DB9363B",
      "spdxElementId": "SPDXRef-RootPackage"
    },
    {
      "relationshipType": "DEPENDS_ON",
      "relatedSpdxElement": "SPDXRef-Package-64DEE513BDDB4808732AD92D0B00223DEF8D29E5BEA9436984D966CEB593EBB8",
      "spdxElementId": "SPDXRef-RootPackage"
    },
    {
      "relationshipType": "DEPENDS_ON",
      "relatedSpdxElement": "SPDXRef-Package-FA628CA1BEDF1C32A076F32D2FAE58041F044FDBF8D8FCA09B436C2DEC4795D6",
      "spdxElementId": "SPDXRef-RootPackage"
    },
    {
      "relationshipType": "DEPENDS_ON",
      "relatedSpdxElement": "SPDXRef-Package-46803AFB9BD8847370778E11A86C9A93568DE13810010931BE89F678A259787A",
      "spdxElementId": "SPDXRef-RootPackage"
    },
    {
      "relationshipType": "DEPENDS_ON",
      "relatedSpdxElement": "SPDXRef-Package-1E9F223EEF48F45F70A1707BD962288BDE654961D0C76B5AF985954988142B7F",
      "spdxElementId": "SPDXRef-RootPackage"
    },
    {
      "relationshipType": "DEPENDS_ON",
      "relatedSpdxElement": "SPDXRef-Package-EBD817AA4EC56373AB2DE16063EFDEC7371D8296327AAB9555AD42E82C9441C7",
      "spdxElementId": "SPDXRef-RootPackage"
    },
    {
      "relationshipType": "DEPENDS_ON",
      "relatedSpdxElement": "SPDXRef-Package-46C34B946F3BED3A24C11DD4570FD3432C12253138B6689C1E632FA76E939529",
      "spdxElementId": "SPDXRef-RootPackage"
    },
    {
      "relationshipType": "DEPENDS_ON",
      "relatedSpdxElement": "SPDXRef-Package-6A0861A59F0A987AB11F0DF6B0E2F46CB11A965AFF406F10FDDAF3605CF15D60",
      "spdxElementId": "SPDXRef-RootPackage"
    },
    {
      "relationshipType": "DEPENDS_ON",
      "relatedSpdxElement": "SPDXRef-Package-E8B432A0D1ED08F0FA9D2A2CE7D770747B60C2D39A0D181D41BE40778780DDD8",
      "spdxElementId": "SPDXRef-RootPackage"
    },
    {
      "relationshipType": "DEPENDS_ON",
      "relatedSpdxElement": "SPDXRef-Package-0EF569F2A09B4130CF3D3B742339B7727441A28599CBD0DEE82D6502B6DA54F6",
      "spdxElementId": "SPDXRef-RootPackage"
    },
    {
      "relationshipType": "DEPENDS_ON",
      "relatedSpdxElement": "SPDXRef-Package-A4966774D3681FB45924A7553133B96DB96B6311D11397C5D5E6467C768AEAE8",
      "spdxElementId": "SPDXRef-RootPackage"
    },
    {
      "relationshipType": "DEPENDS_ON",
      "relatedSpdxElement": "SPDXRef-Package-EB772CC504A8C4FCA5B9815577BC4D390EAF4353B4673865636B49AEB9B6414E",
      "spdxElementId": "SPDXRef-RootPackage"
    },
    {
      "relationshipType": "DEPENDS_ON",
      "relatedSpdxElement": "SPDXRef-Package-C5F01AB521D279F0FA715770501629E0F7791B9AA6FADA53CDD8784508D8EBD1",
      "spdxElementId": "SPDXRef-RootPackage"
    },
    {
      "relationshipType": "DEPENDS_ON",
      "relatedSpdxElement": "SPDXRef-Package-1817CDA80B395F15045FCBF84EEF035C843016194B898501F131081040D2964E",
      "spdxElementId": "SPDXRef-RootPackage"
    },
    {
      "relationshipType": "DEPENDS_ON",
      "relatedSpdxElement": "SPDXRef-Package-4AEE1E34DBB10B977DA2CB97ED14A18B3A1F7DAA83E2C7603EA6239EA847AD0A",
      "spdxElementId": "SPDXRef-RootPackage"
    },
    {
      "relationshipType": "DEPENDS_ON",
      "relatedSpdxElement": "SPDXRef-Package-61BD4AF53D01202F0D6D466AD879EB99225E49B44FCCF46BB961CBFBC942E23A",
      "spdxElementId": "SPDXRef-RootPackage"
    },
    {
      "relationshipType": "DEPENDS_ON",
      "relatedSpdxElement": "SPDXRef-Package-F86AFBAD3549B1B17ABD2BA4AADA08D1E6E76FFB4599075C779BE15310B9D33E",
      "spdxElementId": "SPDXRef-RootPackage"
    },
    {
      "relationshipType": "DEPENDS_ON",
      "relatedSpdxElement": "SPDXRef-Package-84B14D33FF638E6C141E303BE4C3FED5BF571A6652C945BE5F6E029CD390F42E",
      "spdxElementId": "SPDXRef-RootPackage"
    },
    {
      "relationshipType": "DEPENDS_ON",
      "relatedSpdxElement": "SPDXRef-Package-8557535027B08EC5B5D94AE5D974EFD54EE84791EE4FDBC39606058EE4C3553F",
      "spdxElementId": "SPDXRef-RootPackage"
    },
    {
      "relationshipType": "DEPENDS_ON",
      "relatedSpdxElement": "SPDXRef-Package-8CC47BF8947038A6907119B0E6B50D4428C18429948E5B1FBF19AE23F22D34CC",
      "spdxElementId": "SPDXRef-RootPackage"
    },
    {
      "relationshipType": "DEPENDS_ON",
      "relatedSpdxElement": "SPDXRef-Package-F371F6DF4A0DF161139E46BCFF24AC7D1D83BF3E112BBC7C14E290A2A06E860B",
      "spdxElementId": "SPDXRef-RootPackage"
    },
    {
      "relationshipType": "DEPENDS_ON",
      "relatedSpdxElement": "SPDXRef-Package-A455671F3D22730D84896DA227C896614717AEF9B17AFA42CFBE6ABB909F517A",
      "spdxElementId": "SPDXRef-RootPackage"
    },
    {
      "relationshipType": "DEPENDS_ON",
      "relatedSpdxElement": "SPDXRef-Package-54C7231B52E009C72C98243A878C5190CF4C3C9AAB05E63862B14B63A7FCF02D",
      "spdxElementId": "SPDXRef-RootPackage"
    },
    {
      "relationshipType": "DEPENDS_ON",
      "relatedSpdxElement": "SPDXRef-Package-986CEA94657618796666D7EC16A4FF9F0D587C9F957B868E09CB5A4205AB20DA",
      "spdxElementId": "SPDXRef-RootPackage"
    },
    {
      "relationshipType": "DEPENDS_ON",
      "relatedSpdxElement": "SPDXRef-Package-21FA4877FE19074865015742F890344CD282D6CFB73B512D045A1E7CCEE9C03F",
      "spdxElementId": "SPDXRef-RootPackage"
    },
    {
      "relationshipType": "DEPENDS_ON",
      "relatedSpdxElement": "SPDXRef-Package-B87241737AACCEF9BDDF61770DD9A2F309DE44C071E44629CD2E18EEB03524E0",
      "spdxElementId": "SPDXRef-RootPackage"
    },
    {
      "relationshipType": "DEPENDS_ON",
      "relatedSpdxElement": "SPDXRef-Package-AB402BB9834DE19E28AACDE8D35E1C9035B5847638635FD0B01923AA92848305",
      "spdxElementId": "SPDXRef-RootPackage"
    },
    {
      "relationshipType": "DEPENDS_ON",
      "relatedSpdxElement": "SPDXRef-Package-80BC5F9206E378F14D76BE046AAB65C1A9348501A2D743A7C416DDD9645A7D29",
      "spdxElementId": "SPDXRef-RootPackage"
    },
    {
      "relationshipType": "DEPENDS_ON",
      "relatedSpdxElement": "SPDXRef-Package-FC54BC04F3DE4FA963027157293A22ABC763FDCAB144D700E9E1198158684CB5",
      "spdxElementId": "SPDXRef-RootPackage"
    },
    {
      "relationshipType": "DEPENDS_ON",
      "relatedSpdxElement": "SPDXRef-Package-EF13C297E61B73E019C1A470CACA399F9A94CCC334188ECAD593C0A3EDBD01E9",
      "spdxElementId": "SPDXRef-RootPackage"
    },
    {
      "relationshipType": "DEPENDS_ON",
      "relatedSpdxElement": "SPDXRef-Package-B2FA8A564A4A828589D4C291D0F174534E33CF8603A29003A1C9543B1114AEB0",
      "spdxElementId": "SPDXRef-RootPackage"
    },
    {
      "relationshipType": "DEPENDS_ON",
      "relatedSpdxElement": "SPDXRef-Package-FB8DF0710406FE331D7D5DB94EF8BB2126EE4B14A1492C6A1AF9E9B399B1F001",
      "spdxElementId": "SPDXRef-RootPackage"
    },
    {
      "relationshipType": "DEPENDS_ON",
      "relatedSpdxElement": "SPDXRef-Package-86C6358AEB18D55D1244F9C4A4D5AA4685EA898C585F0A11759364055AE8D3F3",
      "spdxElementId": "SPDXRef-RootPackage"
    },
    {
      "relationshipType": "DEPENDS_ON",
      "relatedSpdxElement": "SPDXRef-Package-9DD4096FB1D77D65355719BC177D4861EE2EC5166FDE1A5F04D034A4F48CA0BF",
      "spdxElementId": "SPDXRef-RootPackage"
    },
    {
      "relationshipType": "DEPENDS_ON",
      "relatedSpdxElement": "SPDXRef-Package-592417F103E272069FC16934DAA51D2E218CA8DC27B809C2032BCBA44246CE9A",
      "spdxElementId": "SPDXRef-RootPackage"
    },
    {
      "relationshipType": "DEPENDS_ON",
      "relatedSpdxElement": "SPDXRef-Package-E78A8EA31E82973392E43281CF11C79DB7ABE160D7149ACC0AB948443B852980",
      "spdxElementId": "SPDXRef-RootPackage"
    },
    {
      "relationshipType": "DEPENDS_ON",
      "relatedSpdxElement": "SPDXRef-Package-935B175C05FFB21B727C5D8BB95D5C4628651920D2B416D951D61C1C73767429",
      "spdxElementId": "SPDXRef-RootPackage"
    },
    {
      "relationshipType": "DEPENDS_ON",
      "relatedSpdxElement": "SPDXRef-Package-D7E5B375148BD27B3646C7DBAAD94B1FF6B363682863B1AE8E8AFA946ECE0AB2",
      "spdxElementId": "SPDXRef-RootPackage"
    },
    {
      "relationshipType": "DEPENDS_ON",
      "relatedSpdxElement": "SPDXRef-Package-C42D3269E130F1EC7B60B29A3B5C7645F70696AA6D20D0A077B2A10E2B3B8E96",
      "spdxElementId": "SPDXRef-RootPackage"
    },
    {
      "relationshipType": "DEPENDS_ON",
      "relatedSpdxElement": "SPDXRef-Package-C5CDC98FEB0DEDEEC96BEDA895A59634C60660D2ED5D831027D431B8432C0D28",
      "spdxElementId": "SPDXRef-RootPackage"
    },
    {
      "relationshipType": "DEPENDS_ON",
      "relatedSpdxElement": "SPDXRef-Package-E5F924CB7C9ADA59FF66564411AD9DB85E703C909C37B67609B2421CAEA9937D",
      "spdxElementId": "SPDXRef-RootPackage"
    },
    {
      "relationshipType": "DEPENDS_ON",
      "relatedSpdxElement": "SPDXRef-Package-78FD5EC1698C264CEA463E552A6DD7468784BE66B514D37998B1A93D22FEF756",
      "spdxElementId": "SPDXRef-RootPackage"
    },
    {
      "relationshipType": "DEPENDS_ON",
      "relatedSpdxElement": "SPDXRef-Package-C77607551E54A18631BE7AA27308CBC62E225A34EF4B0CC886F9C80E63CED885",
      "spdxElementId": "SPDXRef-RootPackage"
    },
    {
      "relationshipType": "DEPENDS_ON",
      "relatedSpdxElement": "SPDXRef-Package-5A81034EC77077BB1F9472AAD57F56E812A344FFEA1CBAA93A3D11EF18BEB8BE",
      "spdxElementId": "SPDXRef-RootPackage"
    },
    {
      "relationshipType": "DEPENDS_ON",
      "relatedSpdxElement": "SPDXRef-Package-EBEAD5D76F39CFF00A284F47BCFA534E2F93422A91E4422CD9264DF74BFE5A70",
      "spdxElementId": "SPDXRef-RootPackage"
    }
  ],
  "spdxVersion": "SPDX-2.2",
  "dataLicense": "CC0-1.0",
  "SPDXID": "SPDXRef-DOCUMENT",
  "name": "Unknown 0.0.0",
  "documentNamespace": "https://sbom.microsoft/1:2QSF7qZlbE-F7QrUJlEo7g:SgS0HpGYsEq3MaStNjjGXA/932:262057/Unknown:0.0.0:em2L3SPa3Ei_vieb5shOJg",
  "creationInfo": {
    "created": "2022-05-03T16:14:08Z",
    "creators": [
      "Organization: Microsoft",
      "Tool: Microsoft.SBOMTool-2.1.29"
    ]
  },
  "documentDescribes": [
    "SPDXRef-RootPackage"
  ]
}