<Objs Version="1.1.0.1" xmlns="http://schemas.microsoft.com/powershell/2004/04">
  <Obj RefId="0">
    <TN RefId="0">
      <T>Microsoft.PowerShell.Commands.PSRepositoryItemInfo</T>
      <T>System.Management.Automation.PSCustomObject</T>
      <T>System.Object</T>
    </TN>
    <MS>
      <S N="Name">oh-my-posh</S>
      <Version N="Version">2.0.472</Version>
      <S N="Type">Module</S>
      <S N="Description">Theming capabilities for the PowerShell prompt in ConEmu</S>
      <S N="Author">Jan De Dobbeleer</S>
      <S N="CompanyName">janjoris</S>
      <S N="Copyright">(c) 2018 Jan De Dobbeleer. All rights reserved.</S>
      <DT N="PublishedDate">2020-09-15T06:57:14+08:00</DT>
      <Obj N="InstalledDate" RefId="1">
        <DT>2022-05-09T21:43:33.5639016+08:00</DT>
        <MS>
          <Obj N="DisplayHint" RefId="2">
            <TN RefId="1">
              <T>Microsoft.PowerShell.Commands.DisplayHintType</T>
              <T>System.Enum</T>
              <T>System.ValueType</T>
              <T>System.Object</T>
            </TN>
            <ToString>DateTime</ToString>
            <I32>2</I32>
          </Obj>
        </MS>
      </Obj>
      <Nil N="UpdatedDate" />
      <URI N="LicenseUri">https://github.com/JanDeDobbeleer/oh-my-posh/blob/master/LICENSE</URI>
      <URI N="ProjectUri">https://github.com/JanDeDobbeleer/oh-my-posh</URI>
      <Nil N="IconUri" />
      <Obj N="Tags" RefId="3">
        <TN RefId="2">
          <T>System.Object[]</T>
          <T>System.Array</T>
          <T>System.Object</T>
        </TN>
        <LST>
          <S>git</S>
          <S>agnoster</S>
          <S>theme</S>
          <S>zsh</S>
          <S>posh-git</S>
          <S>prompt</S>
          <S>paradox</S>
          <S>PSModule</S>
        </LST>
      </Obj>
      <Obj N="Includes" RefId="4">
        <TN RefId="3">
          <T>System.Collections.Hashtable</T>
          <T>System.Object</T>
        </TN>
        <DCT>
          <En>
            <S N="Key">Function</S>
            <Obj N="Value" RefId="5">
              <TNRef RefId="2" />
              <LST>
                <S>Write-ColorPreview</S>
                <S>Show-Colors</S>
                <S>Show-ThemeColors</S>
                <S>Show-ThemeSymbols</S>
                <S>Get-Theme</S>
                <S>Set-Theme</S>
                <S>Get-VCSStatus</S>
                <S>Get-VcsInfo</S>
                <S>Get-FormattedRootLocation</S>
                <S>Get-ShortPath</S>
                <S>Get-FullPath</S>
                <S>Set-CursorForRightBlockWrite</S>
                <S>Set-CursorUp</S>
                <S>Test-VirtualEnv</S>
                <S>Get-VirtualEnvName</S>
                <S>Test-NotDefaultUser</S>
                <S>Test-Administrator</S>
                <S>Get-ComputerName</S>
                <S>Set-Newline</S>
                <S>Get-ThemesLocation</S>
                <S>Set-Prompt</S>
              </LST>
            </Obj>
          </En>
          <En>
            <S N="Key">DscResource</S>
            <Obj N="Value" RefId="6">
              <TNRef RefId="2" />
              <LST />
            </Obj>
          </En>
          <En>
            <S N="Key">Cmdlet</S>
            <Ref N="Value" RefId="6" />
          </En>
          <En>
            <S N="Key">Command</S>
            <Obj N="Value" RefId="7">
              <TNRef RefId="2" />
              <LST>
                <S>Write-ColorPreview</S>
                <S>Show-Colors</S>
                <S>Show-ThemeColors</S>
                <S>Show-ThemeSymbols</S>
                <S>Get-Theme</S>
                <S>Set-Theme</S>
                <S>Get-VCSStatus</S>
                <S>Get-VcsInfo</S>
                <S>Get-FormattedRootLocation</S>
                <S>Get-ShortPath</S>
                <S>Get-FullPath</S>
                <S>Set-CursorForRightBlockWrite</S>
                <S>Set-CursorUp</S>
                <S>Test-VirtualEnv</S>
                <S>Get-VirtualEnvName</S>
                <S>Test-NotDefaultUser</S>
                <S>Test-Administrator</S>
                <S>Get-ComputerName</S>
                <S>Set-Newline</S>
                <S>Get-ThemesLocation</S>
                <S>Set-Prompt</S>
              </LST>
            </Obj>
          </En>
          <En>
            <S N="Key">Workflow</S>
            <Ref N="Value" RefId="6" />
          </En>
          <En>
            <S N="Key">RoleCapability</S>
            <Ref N="Value" RefId="6" />
          </En>
        </DCT>
      </Obj>
      <Nil N="PowerShellGetFormatVersion" />
      <Nil N="ReleaseNotes" />
      <Obj N="Dependencies" RefId="8">
        <TNRef RefId="2" />
        <LST />
      </Obj>
      <S N="RepositorySourceLocation">https://www.powershellgallery.com/api/v2</S>
      <S N="Repository">PSGallery</S>
      <S N="PackageManagementProvider">NuGet</S>
      <Obj N="AdditionalMetadata" RefId="9">
        <TN RefId="4">
          <T>System.Management.Automation.PSCustomObject</T>
          <T>System.Object</T>
        </TN>
        <MS>
          <S N="copyright">(c) 2018 Jan De Dobbeleer. All rights reserved.</S>
          <S N="description">Theming capabilities for the PowerShell prompt in ConEmu</S>
          <S N="requireLicenseAcceptance">False</S>
          <S N="isLatestVersion">False</S>
          <S N="isAbsoluteLatestVersion">False</S>
          <S N="versionDownloadCount">2041</S>
          <S N="downloadCount">1505410</S>
          <S N="packageSize">258631</S>
          <S N="published">2020/9/15 6:57:14 +08:00</S>
          <S N="created">2020/9/15 6:57:14 +08:00</S>
          <S N="lastUpdated">2022/5/3 6:16:56 +08:00</S>
          <S N="tags">git agnoster theme zsh posh-git prompt paradox PSModule PSFunction_Write-ColorPreview PSCommand_Write-ColorPreview PSFunction_Show-Colors PSCommand_Show-Colors PSFunction_Show-ThemeColors PSCommand_Show-ThemeColors PSFunction_Show-ThemeSymbols PSCommand_Show-ThemeSymbols PSFunction_Get-Theme PSCommand_Get-Theme PSFunction_Set-Theme PSCommand_Set-Theme PSFunction_Get-VCSStatus PSCommand_Get-VCSStatus PSFunction_Get-VcsInfo PSCommand_Get-VcsInfo PSFunction_Get-FormattedRootLocation PSCommand_Get-FormattedRootLocation PSFunction_Get-ShortPath PSCommand_Get-ShortPath PSFunction_Get-FullPath PSCommand_Get-FullPath PSFunction_Set-CursorForRightBlockWrite PSCommand_Set-CursorForRightBlockWrite PSFunction_Set-CursorUp PSCommand_Set-CursorUp PSFunction_Test-VirtualEnv PSCommand_Test-VirtualEnv PSFunction_Get-VirtualEnvName PSCommand_Get-VirtualEnvName PSFunction_Test-NotDefaultUser PSCommand_Test-NotDefaultUser PSFunction_Test-Administrator PSCommand_Test-Administrator PSFunction_Get-ComputerName PSCommand_Get-ComputerName PSFunction_Set-Newline PSCommand_Set-Newline PSFunction_Get-ThemesLocation PSCommand_Get-ThemesLocation PSFunction_Set-Prompt PSCommand_Set-Prompt PSIncludes_Function</S>
          <S N="developmentDependency">False</S>
          <S N="updated">2022-05-03T06:16:56Z</S>
          <S N="NormalizedVersion">2.0.472</S>
          <S N="Authors">Jan De Dobbeleer</S>
          <S N="IsPrerelease">false</S>
          <S N="ItemType">Module</S>
          <S N="FileList">oh-my-posh.nuspec|appveyor.yml|coverage.xml|defaults.ps1|LICENSE|oh-my-posh.psd1|oh-my-posh.psm1|README.md|TestsResults.xml|.github\FUNDING.yml|.vscode\settings.json|Build\release.ps1|Build\setup_test_env.ps1|Build\test_windows.ps1|Helpers\PoshGit.ps1|Helpers\PoshGit.Tests.ps1|Helpers\Prompt.ps1|Helpers\Prompt.Tests.ps1|img\agnoster.png|img\avit.png|img\darkblood.png|img\emodipt.png|img\fish.png|img\honukai.png|img\indications.png|img\lambda.png|img\material.png|img\material2.png|img\paradox.png|img\pararussel.png|img\robbyrussel.png|img\showcolors.png|img\sorin.png|img\star.png|img\themecolors.png|img\themesettings.png|img\zash.png|Themes\Agnoster.psm1|Themes\AgnosterPlus.psm1|Themes\Avit.psm1|Themes\Darkblood.psm1|Themes\Emodipt.psm1|Themes\Fish.psm1|Themes\Honukai.psm1|Themes\Lambda.psm1|Themes\Material.psm1|Themes\Paradox.psm1|Themes\Pararussel.psm1|Themes\Powerlevel10k-Classic.psm1|Themes\Powerlevel10k-Lean.psm1|Themes\Powerlevel9k.psm1|Themes\PowerLine.psm1|Themes\PowerlinePlus.psm1|Themes\Punk.psm1|Themes\pure.psm1|Themes\qwerty.psm1|Themes\robbyrussell.psm1|Themes\Sorin.psm1|Themes\Star.psm1|Themes\tehrob.psm1|Themes\ys.psm1|Themes\Zash.psm1</S>
          <S N="GUID">7d7c4a78-e2fe-4e5f-9510-34ac893e4562</S>
          <S N="PowerShellVersion">5.0</S>
          <S N="CompanyName">Unknown</S>
        </MS>
      </Obj>
      <S N="InstalledLocation">C:\Users\zhang\Documents\PowerShell\Modules\oh-my-posh\2.0.472</S>
    </MS>
  </Obj>
</Objs>
